Workbook

Sheet Roster Info
A1: Unique ID | B1: Artist name | C1: Preferred Name | D1: Preferred Pronouns | E1: Heritage | F1: Location | G1: Outside of UK (If applicable) | H1: Type of Act | I1: Genre | J1: Contact Details | K1: Instagram | L1: Soundcloud | M1: TikTok | N1: Any other social media | O1: Link to Previous Work | P1: Most Recent Date Booked | Q1: Event Name | R1: Small Gigs booked for | S1: Medium Gigs booked for | T1: Large Gigs booked for | U1: Gig Score (S =1, M =2 , L=3)
A2: 202 | B2: Zar | C2: Arun Dhanjal | D2: he/him | F2: London | H2: DJ, Live Act | I2: Multi genre | J2: adjzar@gmail.com | K2: https://linktr.ee/ajdzar | O2: https://www.mixcloud.com/NoBoundariesLDN_/zar-no-boundaries-guest-mix-001/ | P2: {=MAX(IF($A2='Booking Responses'!F:F,'Booking Responses'!D:D))} -> 45248 | Q2: {=INDEX('Booking Responses'!C:C,MATCH(1,('Booking Responses'!F:F=A2)*('Booking Responses'!D:D=P2),0))} -> Warehouse Project 2023 | R2: =COUNTIFS('Booking Responses'!F:F,"="&A2,'Booking Responses'!E:E,"Small*") -> 0 | S2: =COUNTIFS('Booking Responses'!F:F,"="&A2,'Booking Responses'!E:E,"Medium*") -> 2 | T2: =COUNTIFS('Booking Responses'!F:F,"="&A2,'Booking Responses'!E:E,"Large*") -> 3 | U2: =SUM((R2)+(S2*2)+(T2*3)) -> 13
A3: 203 | B3: Saadaan | C3: Saadaan Afghan | D3: He/Him | F3: London, Coventry | H3: DJ | I3: 140, Dubstep, Left Field Bass, 2-step/ukg, Hip Hop, Techno, Electro (sometimes House) | J3: saadko@outlook.com | K3: https://www.instagram.com/saadaan__________/ | O3: "saadaan.bandcamp.com waveplate.systems" | P3: {=MAX(IF($A3='Booking Responses'!F:F,'Booking Responses'!D:D))} -> 45044 | Q3: {=INDEX('Booking Responses'!C:C,MATCH(1,('Booking Responses'!F:F=A3)*('Booking Responses'!D:D=P3),0))} -> The Cause Free Party | R3: =COUNTIFS('Booking Responses'!F:F,"="&A3,'Booking Responses'!E:E,"Small*") -> 0 | S3: =COUNTIFS('Booking Responses'!F:F,"="&A3,'Booking Responses'!E:E,"Medium*") -> 2 | T3: =COUNTIFS('Booking Responses'!F:F,"="&A3,'Booking Responses'!E:E,"Large*") -> 0 | U3: =SUM((R3)+(S3*2)+(T3*3)) -> 4
A4: 205 | B4: Michael Diamond | C4: Michael Diamond | F4: London, Oxford | H4: DJ, Live Act | I4: Electronic, Jazz | J4: diamond.sounduk@gmail.com | K4: https://www.instagram.com/diamond.sound/ | L4: https://soundcloud.com/michaeldiamonduk | O4: https://linktr.ee/diamond.sound | P4: {=MAX(IF($A4='Booking Responses'!F:F,'Booking Responses'!D:D))} -> 45205 | Q4: {=INDEX('Booking Responses'!C:C,MATCH(1,('Booking Responses'!F:F=A4)*('Booking Responses'!D:D=P4),0))} -> Science Gallery London: Machine Mythologies Oct 2023 | R4: =COUNTIFS('Booking Responses'!F:F,"="&A4,'Booking Responses'!E:E,"Small*") -> 1 | S4: =COUNTIFS('Booking Responses'!F:F,"="&A4,'Booking Responses'!E:E,"Medium*") -> 0 | T4: =COUNTIFS('Booking Responses'!F:F,"="&A4,'Booking Responses'!E:E,"Large*") -> 0 | U4: =SUM((R4)+(S4*2)+(T4*3)) -> 1
A5: 206 | B5: Sita Shah | C5: Sita Shah | F5: London | H5: DJ | I5: Techno, Hardcore, Breaks, Desi, Bootlegs | J5: sitashahsworld@gmail.com | K5: https://www.instagram.com/shahmbles/ | L5: soundcloud.com/sitashahdj | O5: https://linktr.ee/Sitashah | P5: {=MAX(IF($A5='Booking Responses'!F:F,'Booking Responses'!D:D))} -> 45395 | Q5: {=INDEX('Booking Responses'!C:C,MATCH(1,('Booking Responses'!F:F=A5)*('Booking Responses'!D:D=P5),0))} -> DAYTIMERS BERLIN | R5: =COUNTIFS('Booking Responses'!F:F,"="&A5,'Booking Responses'!E:E,"Small*") -> 0 | S5: =COUNTIFS('Booking Responses'!F:F,"="&A5,'Booking Responses'!E:E,"Medium*") -> 4 | T5: =COUNTIFS('Booking Responses'!F:F,"="&A5,'Booking Responses'!E:E,"Large*") -> 2 | U5: =SUM((R5)+(S5*2)+(T5*3)) -> 14
A6: 207 | B6: Rainmann | C6: Ral Daryanani | F6: London | H6: DJ, Live Act | I6: Tech House, Rap, Hip Hop, Deep House, House | J6: rainmann@tuta.io | L6: https://soundcloud.com/rainm4nn | O6: https://linktr.ee/rainmann | P6: {=MAX(IF($A6='Booking Responses'!F:F,'Booking Responses'!D:D))} -> 0 | Q6: {=INDEX('Booking Responses'!C:C,MATCH(1,('Booking Responses'!F:F=A6)*('Booking Responses'!D:D=P6),0))} -> #N/A | R6: =COUNTIFS('Booking Responses'!F:F,"="&A6,'Booking Responses'!E:E,"Small*") -> 0 | S6: =COUNTIFS('Booking Responses'!F:F,"="&A6,'Booking Responses'!E:E,"Medium*") -> 0 | T6: =COUNTIFS('Booking Responses'!F:F,"="&A6,'Booking Responses'!E:E,"Large*") -> 0 | U6: =SUM((R6)+(S6*2)+(T6*3)) -> 0
A7: 208 | B7: Somatic | C7: Somin Griffin-Dave | F7: Bristol | H7: DJ | I7: DnB, Jungle, Breakbeat, Garage, IDM, Experimental, Various other 4x4 genres, (Classic) Afrobeat, a touch of bossa and various other things | J7: somin.somatic@gmail.com | K7: https://www.instagram.com/somin.somatic/ | L7: https://soundcloud.com/somingriffin-dave | O7: https://linktr.ee/somin_somatic | P7: {=MAX(IF($A7='Booking Responses'!F:F,'Booking Responses'!D:D))} -> 45178 | Q7: {=INDEX('Booking Responses'!C:C,MATCH(1,('Booking Responses'!F:F=A7)*('Booking Responses'!D:D=P7),0))} -> Panjabi MC x Apache Indian: Fox and Firkin 2023 | R7: =COUNTIFS('Booking Responses'!F:F,"="&A7,'Booking Responses'!E:E,"Small*") -> 0 | S7: =COUNTIFS('Booking Responses'!F:F,"="&A7,'Booking Responses'!E:E,"Medium*") -> 2 | T7: =COUNTIFS('Booking Responses'!F:F,"="&A7,'Booking Responses'!E:E,"Large*") -> 1 | U7: =SUM((R7)+(S7*2)+(T7*3)) -> 7
A8: 209 | B8: Freshta | C8: Freshta Ebrahim | F8: London | H8: DJ | I8: Grime, Dubstep, Leftfield Bass, Breaks, Hard Drum | J8: freshtainfo@gmail.com | K8: https://www.instagram.com/_freshta/ | L8: https://soundcloud.com/freshtadj | O8: http://linktr.ee/_freshta | P8: {=MAX(IF($A8='Booking Responses'!F:F,'Booking Responses'!D:D))} -> 45098 | Q8: {=INDEX('Booking Responses'!C:C,MATCH(1,('Booking Responses'!F:F=A8)*('Booking Responses'!D:D=P8),0))} -> Glasto 2023 | R8: =COUNTIFS('Booking Responses'!F:F,"="&A8,'Booking Responses'!E:E,"Small*") -> 0 | S8: =COUNTIFS('Booking Responses'!F:F,"="&A8,'Booking Responses'!E:E,"Medium*") -> 2 | T8: =COUNTIFS('Booking Responses'!F:F,"="&A8,'Booking Responses'!E:E,"Large*") -> 2 | U8: =SUM((R8)+(S8*2)+(T8*3)) -> 10
A9: 210 | B9: GoldTooth | C9: Jaedan Gowthaman | F9: London | H9: DJ | I9: "Grime, Dubstep, UK Funky, Garage, Drill, SA House, afrohouse, kuduro. Also specialise in vinyl sets. | J9: dj@goldtooth.uk | K9: https://www.instagram.com/_goldtooth_/ | L9: http://soundcloud.com/goldtooth_dj | O9: https://linktr.ee/DJGoldTooth | P9: {=MAX(IF($A9='Booking Responses'!F:F,'Booking Responses'!D:D))} -> 45149 | Q9: {=INDEX('Booking Responses'!C:C,MATCH(1,('Booking Responses'!F:F=A9)*('Booking Responses'!D:D=P9),0))} -> Dhaga Arts 2023 | R9: =COUNTIFS('Booking Responses'!F:F,"="&A9,'Booking Responses'!E:E,"Small*") -> 1 | S9: =COUNTIFS('Booking Responses'!F:F,"="&A9,'Booking Responses'!E:E,"Medium*") -> 2 | T9: =COUNTIFS('Booking Responses'!F:F,"="&A9,'Booking Responses'!E:E,"Large*") -> 1 | U9: =SUM((R9)+(S9*2)+(T9*3)) -> 8
A10: 211 | B10: Temujin | C10: Roop | F10: London | H10: DJ | I10: UK underground dance - Bass, Techno, Breaks, Garage, Jungle, Dubstep, Grime (heavy on the percs and dub) | J10: temujin.ldn@gmail.com | K10: https://www.instagram.com/temujin_ldn/ | L10: http://soundcloud.com/temujin-ldn | O10: https://www.flowcode.com/page/temujin.ldn | P10: {=MAX(IF($A10='Booking Responses'!F:F,'Booking Responses'!D:D))} -> 45395 | Q10: {=INDEX('Booking Responses'!C:C,MATCH(1,('Booking Responses'!F:F=A10)*('Booking Responses'!D:D=P10),0))} -> DAYTIMERS BERLIN | R10: =COUNTIFS('Booking Responses'!F:F,"="&A10,'Booking Responses'!E:E,"Small*") -> 0 | S10: =COUNTIFS('Booking Responses'!F:F,"="&A10,'Booking Responses'!E:E,"Medium*") -> 5 | T10: =COUNTIFS('Booking Responses'!F:F,"="&A10,'Booking Responses'!E:E,"Large*") -> 1 | U10: =SUM((R10)+(S10*2)+(T10*3)) -> 13
A11: 212 | B11: Saachi | C11: Saachi | F11: London | H11: DJ | I11: House (sometimes electro & Ghettotech) | J11: djsaachi@hotmail.com | K11: https://www.instagram.com/saachi_versaachi/ | L11: https://soundcloud.com/saachi-bains | O11: https://lnk.bio/Saachi | P11: {=MAX(IF($A11='Booking Responses'!F:F,'Booking Responses'!D:D))} -> 44413 | Q11: {=INDEX('Booking Responses'!C:C,MATCH(1,('Booking Responses'!F:F=A11)*('Booking Responses'!D:D=P11),0))} -> Boiler Room | R11: =COUNTIFS('Booking Responses'!F:F,"="&A11,'Booking Responses'!E:E,"Small*") -> 0 | S11: =COUNTIFS('Booking Responses'!F:F,"="&A11,'Booking Responses'!E:E,"Medium*") -> 1 | T11: =COUNTIFS('Booking Responses'!F:F,"="&A11,'Booking Responses'!E:E,"Large*") -> 2 | U11: =SUM((R11)+(S11*2)+(T11*3)) -> 8
A12: 213 | B12: Kishan | C12: Kishan Thakrar | F12: London | H12: DJ | I12: UKG, House, Hip Hop/Afrobeat, 140, Jungle, DnB etc | J12: music@kishan.co.uk | K12: https://www.instagram.com/kishanthakrar/ | L12: https://soundcloud.com/kishanthakrar | O12: https://www.liinks.co/kishan | P12: {=MAX(IF($A12='Booking Responses'!F:F,'Booking Responses'!D:D))} -> 44701 | Q12: {=INDEX('Booking Responses'!C:C,MATCH(1,('Booking Responses'!F:F=A12)*('Booking Responses'!D:D=P12),0))} -> Corsica Studios: 20/05/2022 | R12: =COUNTIFS('Booking Responses'!F:F,"="&A12,'Booking Responses'!E:E,"Small*") -> 0 | S12: =COUNTIFS('Booking Responses'!F:F,"="&A12,'Booking Responses'!E:E,"Medium*") -> 1 | T12: =COUNTIFS('Booking Responses'!F:F,"="&A12,'Booking Responses'!E:E,"Large*") -> 0 | U12: =SUM((R12)+(S12*2)+(T12*3)) -> 2
A13: 214 | B13: DJ PRIYA | C13: Priya Majhail | F13: London, Brighton | H13: DJ | I13: Reggaeton, Bashment, Dancehall, Funky | J13: majpri95@gmail.com | K13: https://www.instagram.com/deejaypri/ | L13: https://soundcloud.com/deejaypriya | O13: https://linktr.ee/Deejaypri | P13: {=MAX(IF($A13='Booking Responses'!F:F,'Booking Responses'!D:D))} -> 44646 | Q13: {=INDEX('Booking Responses'!C:C,MATCH(1,('Booking Responses'!F:F=A13)*('Booking Responses'!D:D=P13),0))} -> Rich Mix: London Remixed Festival | R13: =COUNTIFS('Booking Responses'!F:F,"="&A13,'Booking Responses'!E:E,"Small*") -> 0 | S13: =COUNTIFS('Booking Responses'!F:F,"="&A13,'Booking Responses'!E:E,"Medium*") -> 3 | T13: =COUNTIFS('Booking Responses'!F:F,"="&A13,'Booking Responses'!E:E,"Large*") -> 0 | U13: =SUM((R13)+(S13*2)+(T13*3)) -> 6
A14: 215 | B14: Qwirk | C14: Simaran Patel | F14: Manchester | H14: DJ | I14: Dubstep, Grime, Garage, Breakbeat, DnB, Footwork, Trap, Jungle | J14: qwirkdubstep@gmail.com | K14: https://www.instagram.com/qwirkbass/ | L14: https://soundcloud.com/qwirkk | M14: https://www.tiktok.com/@qwirkbass | O14: linktr.ee/qwirk | P14: {=MAX(IF($A14='Booking Responses'!F:F,'Booking Responses'!D:D))} -> 44805 | Q14: {=INDEX('Booking Responses'!C:C,MATCH(1,('Booking Responses'!F:F=A14)*('Booking Responses'!D:D=P14),0))} -> Ministry of Sound 2022 | R14: =COUNTIFS('Booking Responses'!F:F,"="&A14,'Booking Responses'!E:E,"Small*") -> 0 | S14: =COUNTIFS('Booking Responses'!F:F,"="&A14,'Booking Responses'!E:E,"Medium*") -> 1 | T14: =COUNTIFS('Booking Responses'!F:F,"="&A14,'Booking Responses'!E:E,"Large*") -> 0 | U14: =SUM((R14)+(S14*2)+(T14*3)) -> 2
A15: 216 | B15: Rohan Rakhit | C15: Rohan Rakhit | F15: London | H15: DJ | I15: Multi-genre | J15: rohan@daytimers.org | K15: https://www.instagram.com/rohan_rakhit/ | L15: https://soundcloud.com/rohan_rakhit | O15: https://linktr.ee/rohan.rakhit | P15: {=MAX(IF($A15='Booking Responses'!F:F,'Booking Responses'!D:D))} -> 45072 | Q15: {=INDEX('Booking Responses'!C:C,MATCH(1,('Booking Responses'!F:F=A15)*('Booking Responses'!D:D=P15),0))} -> Jazz Cafe | R15: =COUNTIFS('Booking Responses'!F:F,"="&A15,'Booking Responses'!E:E,"Small*") -> 1 | S15: =COUNTIFS('Booking Responses'!F:F,"="&A15,'Booking Responses'!E:E,"Medium*") -> 2 | T15: =COUNTIFS('Booking Responses'!F:F,"="&A15,'Booking Responses'!E:E,"Large*") -> 5 | U15: =SUM((R15)+(S15*2)+(T15*3)) -> 20
A16: 217 | B16: Jaskkkkkkk | C16: Jaskaran Notta | F16: Birmingham | H16: DJ | I16: Electro, Ghetto, Italo, breakbeat, chugg (sometimes garage, disco) | J16: jaskaran.notta97@gmail.com | K16: https://www.instagram.com/_jaskkkkkkk/ | L16: https://soundcloud.com/jaskkkkkkk?ref=clipboard&p=i&c=1&utm_source=clipboard&utm_medium=text&utm_campaign=social_sharing | O16: https://refugeworldwide.com/radio/daytimers-4th-feb-2022 | P16: {=MAX(IF($A16='Booking Responses'!F:F,'Booking Responses'!D:D))} -> 44763 | Q16: {=INDEX('Booking Responses'!C:C,MATCH(1,('Booking Responses'!F:F=A16)*('Booking Responses'!D:D=P16),0))} -> Secret Garden Party | R16: =COUNTIFS('Booking Responses'!F:F,"="&A16,'Booking Responses'!E:E,"Small*") -> 0 | S16: =COUNTIFS('Booking Responses'!F:F,"="&A16,'Booking Responses'!E:E,"Medium*") -> 0 | T16: =COUNTIFS('Booking Responses'!F:F,"="&A16,'Booking Responses'!E:E,"Large*") -> 1 | U16: =SUM((R16)+(S16*2)+(T16*3)) -> 3
A17: 218 | B17: King Monday | C17: Sherwyn Appadu | F17: London | H17: DJ, Live Act | I17: Pop, Psychedelic, Sega, UK Dance, Experimental, Electronic | J17: kxmonday@hotmail.com | K17: https://soundcloud.com/kingxmonday | L17: https://soundcloud.com/kingxmonday | O17: https://ffm.to/kingmonday | P17: {=MAX(IF($A17='Booking Responses'!F:F,'Booking Responses'!D:D))} -> 45189 | Q17: {=INDEX('Booking Responses'!C:C,MATCH(1,('Booking Responses'!F:F=A17)*('Booking Responses'!D:D=P17),0))} -> Mirrored Cosmos NOW Gallery 2023 | R17: =COUNTIFS('Booking Responses'!F:F,"="&A17,'Booking Responses'!E:E,"Small*") -> 2 | S17: =COUNTIFS('Booking Responses'!F:F,"="&A17,'Booking Responses'!E:E,"Medium*") -> 1 | T17: =COUNTIFS('Booking Responses'!F:F,"="&A17,'Booking Responses'!E:E,"Large*") -> 1 | U17: =SUM((R17)+(S17*2)+(T17*3)) -> 7
A18: 219 | B18: Mandle | C18: Debesh Mandal | F18: London, Manchester | H18: DJ | I18: House, Techno, Breaks, Jungle, Disco | J18: mandle.demain@gmail.com | L18: https://soundcloud.com/djmandle | O18: https://soundcloud.com/djmandle | P18: {=MAX(IF($A18='Booking Responses'!F:F,'Booking Responses'!D:D))} -> 0 | Q18: {=INDEX('Booking Responses'!C:C,MATCH(1,('Booking Responses'!F:F=A18)*('Booking Responses'!D:D=P18),0))} -> #N/A | R18: =COUNTIFS('Booking Responses'!F:F,"="&A18,'Booking Responses'!E:E,"Small*") -> 0 | S18: =COUNTIFS('Booking Responses'!F:F,"="&A18,'Booking Responses'!E:E,"Medium*") -> 0 | T18: =COUNTIFS('Booking Responses'!F:F,"="&A18,'Booking Responses'!E:E,"Large*") -> 0 | U18: =SUM((R18)+(S18*2)+(T18*3)) -> 0
A19: 220 | B19: manj | H19: DJ | J19: info@manj.uk | P19: {=MAX(IF($A19='Booking Responses'!F:F,'Booking Responses'!D:D))} -> 45178 | Q19: {=INDEX('Booking Responses'!C:C,MATCH(1,('Booking Responses'!F:F=A19)*('Booking Responses'!D:D=P19),0))} -> Panjabi MC x Apache Indian: Fox and Firkin 2023 | R19: =COUNTIFS('Booking Responses'!F:F,"="&A19,'Booking Responses'!E:E,"Small*") -> 0 | S19: =COUNTIFS('Booking Responses'!F:F,"="&A19,'Booking Responses'!E:E,"Medium*") -> 2 | T19: =COUNTIFS('Booking Responses'!F:F,"="&A19,'Booking Responses'!E:E,"Large*") -> 0 | U19: =SUM((R19)+(S19*2)+(T19*3)) -> 4
A20: 220 | B20: REA | C20: Rea Chawhan | F20: London, Bristol | G20: Madrid | H20: DJ | I20: Dnb, Breaks/Footwork, UKG, UK Dubstep | J20: reamusicuk@gmail.com | K20: https://www.instagram.com/reamusicuk/ | L20: https://soundcloud.com/readnb | O20: https://soundcloud.com/readnb | P20: {=MAX(IF($A20='Booking Responses'!F:F,'Booking Responses'!D:D))} -> 45178 | Q20: {=INDEX('Booking Responses'!C:C,MATCH(1,('Booking Responses'!F:F=A20)*('Booking Responses'!D:D=P20),0))} -> Panjabi MC x Apache Indian: Fox and Firkin 2023 | R20: =COUNTIFS('Booking Responses'!F:F,"="&A20,'Booking Responses'!E:E,"Small*") -> 0 | S20: =COUNTIFS('Booking Responses'!F:F,"="&A20,'Booking Responses'!E:E,"Medium*") -> 2 | T20: =COUNTIFS('Booking Responses'!F:F,"="&A20,'Booking Responses'!E:E,"Large*") -> 0 | U20: =SUM((R20)+(S20*2)+(T20*3)) -> 4
A21: 221 | B21: Sepoys | C21: Rohit Tandon | G21: Vancouver, Canada | H21: DJ | I21: Liquid DnB/ Jungle | J21: basspradesh@gmail.com | L21: https://soundcloud.com/sepoys | O21: https://soundcloud.com/sepoys | P21: {=MAX(IF($A21='Booking Responses'!F:F,'Booking Responses'!D:D))} -> 0 | Q21: {=INDEX('Booking Responses'!C:C,MATCH(1,('Booking Responses'!F:F=A21)*('Booking Responses'!D:D=P21),0))} -> #N/A | R21: =COUNTIFS('Booking Responses'!F:F,"="&A21,'Booking Responses'!E:E,"Small*") -> 0 | S21: =COUNTIFS('Booking Responses'!F:F,"="&A21,'Booking Responses'!E:E,"Medium*") -> 0 | T21: =COUNTIFS('Booking Responses'!F:F,"="&A21,'Booking Responses'!E:E,"Large*") -> 0 | U21: =SUM((R21)+(S21*2)+(T21*3)) -> 0
A22: 222 | B22: Provhat | C22: Provhat Rahman | F22: London | H22: DJ | I22: UK Bass | J22: provhat@daytimers.org | O22: - | P22: {=MAX(IF($A22='Booking Responses'!F:F,'Booking Responses'!D:D))} -> 45044 | Q22: {=INDEX('Booking Responses'!C:C,MATCH(1,('Booking Responses'!F:F=A22)*('Booking Responses'!D:D=P22),0))} -> Cause Free Party | R22: =COUNTIFS('Booking Responses'!F:F,"="&A22,'Booking Responses'!E:E,"Small*") -> 0 | S22: =COUNTIFS('Booking Responses'!F:F,"="&A22,'Booking Responses'!E:E,"Medium*") -> 5 | T22: =COUNTIFS('Booking Responses'!F:F,"="&A22,'Booking Responses'!E:E,"Large*") -> 0 | U22: =SUM((R22)+(S22*2)+(T22*3)) -> 10
A23: 223 | B23: Mera Bhai | C23: Kavhan Karthik | F23: London | H23: DJ, Live Act | I23: Detroit + Italo House + Disco, Acid House, Techno, Breaks, Funk, UKG, Global Riddims. Vinyl only sets include - strictly UKG, 70s-80s Bollywood disco, world/int'l psych/funk/disco | J23: merabhaiiimusic@gmail.com | O23: https://linktr.ee/merabhaiii | P23: {=MAX(IF($A23='Booking Responses'!F:F,'Booking Responses'!D:D))} -> 45164 | Q23: {=INDEX('Booking Responses'!C:C,MATCH(1,('Booking Responses'!F:F=A23)*('Booking Responses'!D:D=P23),0))} -> Lost Village Festival 2023 | R23: =COUNTIFS('Booking Responses'!F:F,"="&A23,'Booking Responses'!E:E,"Small*") -> 0 | S23: =COUNTIFS('Booking Responses'!F:F,"="&A23,'Booking Responses'!E:E,"Medium*") -> 4 | T23: =COUNTIFS('Booking Responses'!F:F,"="&A23,'Booking Responses'!E:E,"Large*") -> 3 | U23: =SUM((R23)+(S23*2)+(T23*3)) -> 17
A24: 224 | B24: Izzi | C24: Izzi Dickson | F24: London, Cambridge | H24: DJ | I24: UK bass, breaks, leftfield techno, hard drum, electro, jungle, footwork | J24: izzi.dickson@gmail.com | O24: https://soundcloud.app.goo.gl/aXWw6FdyUhNKSXZi6 | P24: {=MAX(IF($A24='Booking Responses'!F:F,'Booking Responses'!D:D))} -> 45163 | Q24: {=INDEX('Booking Responses'!C:C,MATCH(1,('Booking Responses'!F:F=A24)*('Booking Responses'!D:D=P24),0))} -> Phonox Residency August 2023 | R24: =COUNTIFS('Booking Responses'!F:F,"="&A24,'Booking Responses'!E:E,"Small*") -> 0 | S24: =COUNTIFS('Booking Responses'!F:F,"="&A24,'Booking Responses'!E:E,"Medium*") -> 2 | T24: =COUNTIFS('Booking Responses'!F:F,"="&A24,'Booking Responses'!E:E,"Large*") -> 0 | U24: =SUM((R24)+(S24*2)+(T24*3)) -> 4
A25: 226 | B25: Sunayah | C25: Sunayah Arshad | F25: London | H25: DJ | I25: house, amapiano, baile funk, uk funky, RnB | J25: sunayah.arshad@gmail.com | K25: https://www.instagram.com/sunayah._/?hl=en | L25: https://soundcloud.com/sunayah | O25: https://soundcloud.com/sunayah | P25: {=MAX(IF($A25='Booking Responses'!F:F,'Booking Responses'!D:D))} -> 44701 | Q25: {=INDEX('Booking Responses'!C:C,MATCH(1,('Booking Responses'!F:F=A25)*('Booking Responses'!D:D=P25),0))} -> Corsica Studios: 20/05/2022 | R25: =COUNTIFS('Booking Responses'!F:F,"="&A25,'Booking Responses'!E:E,"Small*") -> 0 | S25: =COUNTIFS('Booking Responses'!F:F,"="&A25,'Booking Responses'!E:E,"Medium*") -> 1 | T25: =COUNTIFS('Booking Responses'!F:F,"="&A25,'Booking Responses'!E:E,"Large*") -> 0 | U25: =SUM((R25)+(S25*2)+(T25*3)) -> 2
A26: 227 | B26: Triqi | C26: Iqra Nowshari | G26: Berlin, Germany | H26: DJ | I26: house, breaks, electro, techno, disco, soul, funk | J26: imadfromlove@gmail.com | K26: https://www.instagram.com/triqitrix/?hl=en | L26: https://soundcloud.com/triqi030 | O26: https://soundcloud.com/triqi030 | P26: {=MAX(IF($A26='Booking Responses'!F:F,'Booking Responses'!D:D))} -> 45395 | Q26: {=INDEX('Booking Responses'!C:C,MATCH(1,('Booking Responses'!F:F=A26)*('Booking Responses'!D:D=P26),0))} -> DAYTIMERS BERLIN | R26: =COUNTIFS('Booking Responses'!F:F,"="&A26,'Booking Responses'!E:E,"Small*") -> 0 | S26: =COUNTIFS('Booking Responses'!F:F,"="&A26,'Booking Responses'!E:E,"Medium*") -> 1 | T26: =COUNTIFS('Booking Responses'!F:F,"="&A26,'Booking Responses'!E:E,"Large*") -> 0 | U26: =SUM((R26)+(S26*2)+(T26*3)) -> 2
A27: 228 | B27: KRMA | C27: Kush Varma | G27: Los Angeles, USA | H27: DJ | I27: Electronic, trap, dnb, bass | J27: krmabeats@gmail.com | K27: https://www.instagram.com/krma.music/ | L27: https://soundcloud.com/krmabeats | N27: https://linktr.ee/krma.music | O27: https://soundcloud.com/krmabeats | P27: {=MAX(IF($A27='Booking Responses'!F:F,'Booking Responses'!D:D))} -> 0 | Q27: {=INDEX('Booking Responses'!C:C,MATCH(1,('Booking Responses'!F:F=A27)*('Booking Responses'!D:D=P27),0))} -> #N/A | R27: =COUNTIFS('Booking Responses'!F:F,"="&A27,'Booking Responses'!E:E,"Small*") -> 0 | S27: =COUNTIFS('Booking Responses'!F:F,"="&A27,'Booking Responses'!E:E,"Medium*") -> 0 | T27: =COUNTIFS('Booking Responses'!F:F,"="&A27,'Booking Responses'!E:E,"Large*") -> 0 | U27: =SUM((R27)+(S27*2)+(T27*3)) -> 0
A28: 229 | B28: Solar Plexus | C28: Rahul Dhulipala | F28: London, Cardiff, Swansea | H28: DJ | I28: ukg / uk dubstep / grime / breaks / 160 / jungle | K28: https://www.instagram.com/djsolarplexus/?hl=en-gb | L28: https://soundcloud.com/djsolarplexus?ref=clipboard&p=i&c=1&si=DA130D71E4104EB5BE04BC096A497BAF&utm_source=clipboard&utm_medium=text&utm_campaign=social_sharing | O28: https://soundcloud.com/djsolarplexus?ref=clipboard&p=i&c=1&si=DA130D71E4104EB5BE04BC096A497BAF&utm_source=clipboard&utm_medium=text&utm_campaign=social_sharing | P28: {=MAX(IF($A28='Booking Responses'!F:F,'Booking Responses'!D:D))} -> 0 | Q28: {=INDEX('Booking Responses'!C:C,MATCH(1,('Booking Responses'!F:F=A28)*('Booking Responses'!D:D=P28),0))} -> #N/A | R28: =COUNTIFS('Booking Responses'!F:F,"="&A28,'Booking Responses'!E:E,"Small*") -> 0 | S28: =COUNTIFS('Booking Responses'!F:F,"="&A28,'Booking Responses'!E:E,"Medium*") -> 0 | T28: =COUNTIFS('Booking Responses'!F:F,"="&A28,'Booking Responses'!E:E,"Large*") -> 0 | U28: =SUM((R28)+(S28*2)+(T28*3)) -> 0
A29: 230 | B29: Basra | C29: Harry Basra | F29: London | H29: DJ | I29: DnB | J29: Harrybasra1@gmail.com | L29: https://soundcloud.com/hazbro/tracks | O29: https://soundcloud.com/hazbro/tracks | P29: {=MAX(IF($A29='Booking Responses'!F:F,'Booking Responses'!D:D))} -> 0 | Q29: {=INDEX('Booking Responses'!C:C,MATCH(1,('Booking Responses'!F:F=A29)*('Booking Responses'!D:D=P29),0))} -> #N/A | R29: =COUNTIFS('Booking Responses'!F:F,"="&A29,'Booking Responses'!E:E,"Small*") -> 0 | S29: =COUNTIFS('Booking Responses'!F:F,"="&A29,'Booking Responses'!E:E,"Medium*") -> 0 | T29: =COUNTIFS('Booking Responses'!F:F,"="&A29,'Booking Responses'!E:E,"Large*") -> 0 | U29: =SUM((R29)+(S29*2)+(T29*3)) -> 0
A30: 231 | B30: G33 | C30: Gaia Ahuja | F30: London, Liverpool | H30: DJ | I30: UKG, UK funky, grime, bass, dancehall | J30: gaiaahuja7@hotmail.com | K30: www.instagram.com/gaia_ia/ | L30: https://soundcloud.com/gggeethreethree | O30: https://soundcloud.com/gggeethreethree/bbc-asian-network-pure-spice-guest-mix | P30: {=MAX(IF($A30='Booking Responses'!F:F,'Booking Responses'!D:D))} -> 45106 | Q30: {=INDEX('Booking Responses'!C:C,MATCH(1,('Booking Responses'!F:F=A30)*('Booking Responses'!D:D=P30),0))} -> MIF | R30: =COUNTIFS('Booking Responses'!F:F,"="&A30,'Booking Responses'!E:E,"Small*") -> 0 | S30: =COUNTIFS('Booking Responses'!F:F,"="&A30,'Booking Responses'!E:E,"Medium*") -> 2 | T30: =COUNTIFS('Booking Responses'!F:F,"="&A30,'Booking Responses'!E:E,"Large*") -> 1 | U30: =SUM((R30)+(S30*2)+(T30*3)) -> 7
A31: 232 | B31: Himay | C31: Himay | G31: Mumbai, India | H31: DJ | I31: House, Breaks, Electronic | J31: Himay.kumbhani89@gmail.com | K31: https://www.instagram.com/heeemay/ | L31: https://soundcloud.com/heeemay | O31: https://soundcloud.com/heeemay | P31: {=MAX(IF($A31='Booking Responses'!F:F,'Booking Responses'!D:D))} -> 0 | Q31: {=INDEX('Booking Responses'!C:C,MATCH(1,('Booking Responses'!F:F=A31)*('Booking Responses'!D:D=P31),0))} -> #N/A | R31: =COUNTIFS('Booking Responses'!F:F,"="&A31,'Booking Responses'!E:E,"Small*") -> 0 | S31: =COUNTIFS('Booking Responses'!F:F,"="&A31,'Booking Responses'!E:E,"Medium*") -> 0 | T31: =COUNTIFS('Booking Responses'!F:F,"="&A31,'Booking Responses'!E:E,"Large*") -> 0 | U31: =SUM((R31)+(S31*2)+(T31*3)) -> 0
A32: 233 | B32: Shortsell | C32: Apoorv Khanna | G32: Mumbai, India | H32: DJ | I32: Techno, Garage, Genre Agnostic | K32: https://www.instagram.com/shortsell.wav/ | L32: https://soundcloud.com/djshortsell | O32: https://www.mixcloud.com/djshortsell/ | P32: {=MAX(IF($A32='Booking Responses'!F:F,'Booking Responses'!D:D))} -> 0 | Q32: {=INDEX('Booking Responses'!C:C,MATCH(1,('Booking Responses'!F:F=A32)*('Booking Responses'!D:D=P32),0))} -> #N/A | R32: =COUNTIFS('Booking Responses'!F:F,"="&A32,'Booking Responses'!E:E,"Small*") -> 0 | S32: =COUNTIFS('Booking Responses'!F:F,"="&A32,'Booking Responses'!E:E,"Medium*") -> 0 | T32: =COUNTIFS('Booking Responses'!F:F,"="&A32,'Booking Responses'!E:E,"Large*") -> 0 | U32: =SUM((R32)+(S32*2)+(T32*3)) -> 0
A33: 234 | B33: IYRE | C33: Sasith Gamage | G33: Colombo, Sri Lanka | H33: DJ | I33: DnB | J33: leah@theboom.live | K33: https://www.instagram.com/iyre_dnb/ | L33: https://soundcloud.com/iyrednb | O33: https://linktr.ee/IYREdnb | P33: {=MAX(IF($A33='Booking Responses'!F:F,'Booking Responses'!D:D))} -> 0 | Q33: {=INDEX('Booking Responses'!C:C,MATCH(1,('Booking Responses'!F:F=A33)*('Booking Responses'!D:D=P33),0))} -> #N/A | R33: =COUNTIFS('Booking Responses'!F:F,"="&A33,'Booking Responses'!E:E,"Small*") -> 0 | S33: =COUNTIFS('Booking Responses'!F:F,"="&A33,'Booking Responses'!E:E,"Medium*") -> 0 | T33: =COUNTIFS('Booking Responses'!F:F,"="&A33,'Booking Responses'!E:E,"Large*") -> 0 | U33: =SUM((R33)+(S33*2)+(T33*3)) -> 0
A34: 235 | B34: Jayhaan | C34: Jehan Bhesania | G34: Mumbai, India | H34: DJ | I34: Asian Underground / Open Format / Jersey Club / Trap | J34: contactjayhan@gmail.com | K34: https://www.instagram.com/jayhaanofficial/ | L34: https://soundcloud.com/jayhaanofficial | O34: https://ghelo.biglink.to/jayhaan | P34: {=MAX(IF($A34='Booking Responses'!F:F,'Booking Responses'!D:D))} -> 0 | Q34: {=INDEX('Booking Responses'!C:C,MATCH(1,('Booking Responses'!F:F=A34)*('Booking Responses'!D:D=P34),0))} -> #N/A | R34: =COUNTIFS('Booking Responses'!F:F,"="&A34,'Booking Responses'!E:E,"Small*") -> 0 | S34: =COUNTIFS('Booking Responses'!F:F,"="&A34,'Booking Responses'!E:E,"Medium*") -> 0 | T34: =COUNTIFS('Booking Responses'!F:F,"="&A34,'Booking Responses'!E:E,"Large*") -> 0 | U34: =SUM((R34)+(S34*2)+(T34*3)) -> 0
A35: 236 | B35: Iti | C35: Itrat (Iti) Memon | G35: Brisbane, Australia | H35: DJ, Live Act | I35: UK Funky, Breaks, Electro, Garage, 2-step, ambient | J35: iti@affix.management | K35: https://www.instagram.com/iti______/ | L35: https://soundcloud.com/iti_mqn | O35: https://linktr.ee/iti_ | P35: {=MAX(IF($A35='Booking Responses'!F:F,'Booking Responses'!D:D))} -> 45163 | Q35: {=INDEX('Booking Responses'!C:C,MATCH(1,('Booking Responses'!F:F=A35)*('Booking Responses'!D:D=P35),0))} -> Phonox Residency August 2023 | R35: =COUNTIFS('Booking Responses'!F:F,"="&A35,'Booking Responses'!E:E,"Small*") -> 0 | S35: =COUNTIFS('Booking Responses'!F:F,"="&A35,'Booking Responses'!E:E,"Medium*") -> 1 | T35: =COUNTIFS('Booking Responses'!F:F,"="&A35,'Booking Responses'!E:E,"Large*") -> 0 | U35: =SUM((R35)+(S35*2)+(T35*3)) -> 2
A36: 237 | B36: Snad | C36: Shyam Anand | G36: Philadelphia, USA/Berlin, Germany | H36: DJ | I36: house, garage (New York, New Jersey and UK), good tech house | J36: snadbad@gmail.com | K36: https://www.instagram.com/snadmusic/ | L36: https://soundcloud.com/snad | O36: https://linktr.ee/snad | P36: {=MAX(IF($A36='Booking Responses'!F:F,'Booking Responses'!D:D))} -> 0 | Q36: {=INDEX('Booking Responses'!C:C,MATCH(1,('Booking Responses'!F:F=A36)*('Booking Responses'!D:D=P36),0))} -> #N/A | R36: =COUNTIFS('Booking Responses'!F:F,"="&A36,'Booking Responses'!E:E,"Small*") -> 0 | S36: =COUNTIFS('Booking Responses'!F:F,"="&A36,'Booking Responses'!E:E,"Medium*") -> 0 | T36: =COUNTIFS('Booking Responses'!F:F,"="&A36,'Booking Responses'!E:E,"Large*") -> 0 | U36: =SUM((R36)+(S36*2)+(T36*3)) -> 0
A37: 238 | B37: Gasing | C37: Akhilan Singam | F37: Bristol | H37: DJ | I37: House, Techno, Garage, Grime, Jungle | J37: akhilan2512@gmail.com | K37: www.instagram.com/gasingraised/ | L37: https://soundcloud.com/gasingraised | O37: https://www.mixcloud.com/gasingraised/ | P37: {=MAX(IF($A37='Booking Responses'!F:F,'Booking Responses'!D:D))} -> 0 | Q37: {=INDEX('Booking Responses'!C:C,MATCH(1,('Booking Responses'!F:F=A37)*('Booking Responses'!D:D=P37),0))} -> #N/A | R37: =COUNTIFS('Booking Responses'!F:F,"="&A37,'Booking Responses'!E:E,"Small*") -> 0 | S37: =COUNTIFS('Booking Responses'!F:F,"="&A37,'Booking Responses'!E:E,"Medium*") -> 0 | T37: =COUNTIFS('Booking Responses'!F:F,"="&A37,'Booking Responses'!E:E,"Large*") -> 0 | U37: =SUM((R37)+(S37*2)+(T37*3)) -> 0
A38: 239 | B38: Kai Kaspar | C38: Raj Chandrarajah | F38: Glasgow | H38: DJ | I38: House, electro & acid | O38: https://soundcloud.com/clydebuiltradio/kai-kasper-7221 | P38: {=MAX(IF($A38='Booking Responses'!F:F,'Booking Responses'!D:D))} -> 0 | Q38: {=INDEX('Booking Responses'!C:C,MATCH(1,('Booking Responses'!F:F=A38)*('Booking Responses'!D:D=P38),0))} -> #N/A | R38: =COUNTIFS('Booking Responses'!F:F,"="&A38,'Booking Responses'!E:E,"Small*") -> 0 | S38: =COUNTIFS('Booking Responses'!F:F,"="&A38,'Booking Responses'!E:E,"Medium*") -> 0 | T38: =COUNTIFS('Booking Responses'!F:F,"="&A38,'Booking Responses'!E:E,"Large*") -> 0 | U38: =SUM((R38)+(S38*2)+(T38*3)) -> 0
A39: 240 | B39: Full Motion Disaster | C39: Aniket Dabholkar | G39: Mumbai, India | H39: DJ | I39: Ghettotech, Breaks, Electro, House, Hard Dance | J39: fullmotiondisaster@gmail.com | K39: https://www.instagram.com/fullmotiondisaster/ | L39: https://soundcloud.com/full-motion-disaster | O39: https://soundcloud.com/full-motion-disaster | P39: {=MAX(IF($A39='Booking Responses'!F:F,'Booking Responses'!D:D))} -> 0 | Q39: {=INDEX('Booking Responses'!C:C,MATCH(1,('Booking Responses'!F:F=A39)*('Booking Responses'!D:D=P39),0))} -> #N/A | R39: =COUNTIFS('Booking Responses'!F:F,"="&A39,'Booking Responses'!E:E,"Small*") -> 0 | S39: =COUNTIFS('Booking Responses'!F:F,"="&A39,'Booking Responses'!E:E,"Medium*") -> 0 | T39: =COUNTIFS('Booking Responses'!F:F,"="&A39,'Booking Responses'!E:E,"Large*") -> 0 | U39: =SUM((R39)+(S39*2)+(T39*3)) -> 0
A40: 241 | B40: Cardamami | C40: Anisa Jackson | G40: New York, USA | H40: DJ | I40: All | J40: djcardamami@gmail.com | K40: https://www.instagram.com/djcardamami/ | L40: https://soundcloud.com/cardamami | O40: https://soundcloud.com/cardamami | P40: {=MAX(IF($A40='Booking Responses'!F:F,'Booking Responses'!D:D))} -> 45401 | Q40: {=INDEX('Booking Responses'!C:C,MATCH(1,('Booking Responses'!F:F=A40)*('Booking Responses'!D:D=P40),0))} -> Jazz Cafe | R40: =COUNTIFS('Booking Responses'!F:F,"="&A40,'Booking Responses'!E:E,"Small*") -> 0 | S40: =COUNTIFS('Booking Responses'!F:F,"="&A40,'Booking Responses'!E:E,"Medium*") -> 1 | T40: =COUNTIFS('Booking Responses'!F:F,"="&A40,'Booking Responses'!E:E,"Large*") -> 0 | U40: =SUM((R40)+(S40*2)+(T40*3)) -> 2
A41: 242 | B41: GoodMostlyBad | C41: Mehar Bedi | G41: Doha, Qatar | H41: DJ | I41: ASS CLAPS ONLY (Hiphop,Afrobeats, Amapiano,UKG,Bass,Dancehall,Trap etc) | J41: mehar.bedi@gmail.com | K41: https://www.instagram.com/goodmostlybad__/ | L41: https://soundcloud.com/goodmostlybad | O41: https://soundcloud.com/goodmostlybad | P41: {=MAX(IF($A41='Booking Responses'!F:F,'Booking Responses'!D:D))} -> 45072 | Q41: {=INDEX('Booking Responses'!C:C,MATCH(1,('Booking Responses'!F:F=A41)*('Booking Responses'!D:D=P41),0))} -> Jazz Cafe | R41: =COUNTIFS('Booking Responses'!F:F,"="&A41,'Booking Responses'!E:E,"Small*") -> 0 | S41: =COUNTIFS('Booking Responses'!F:F,"="&A41,'Booking Responses'!E:E,"Medium*") -> 1 | T41: =COUNTIFS('Booking Responses'!F:F,"="&A41,'Booking Responses'!E:E,"Large*") -> 0 | U41: =SUM((R41)+(S41*2)+(T41*3)) -> 2
A42: 243 | B42: Liyo / RISE / JDS | C42: Josh de Silva | F42: London | H42: DJ | I42: Techno, Dubstep, Jungle, Garage, Electro etc etc | J42: josh@onehouse.com | K42: https://www.instagram.com/j___d___s___/ | O42: https://www.instagram.com/j___d___s___/ | P42: {=MAX(IF($A42='Booking Responses'!F:F,'Booking Responses'!D:D))} -> 0 | Q42: {=INDEX('Booking Responses'!C:C,MATCH(1,('Booking Responses'!F:F=A42)*('Booking Responses'!D:D=P42),0))} -> #N/A | R42: =COUNTIFS('Booking Responses'!F:F,"="&A42,'Booking Responses'!E:E,"Small*") -> 0 | S42: =COUNTIFS('Booking Responses'!F:F,"="&A42,'Booking Responses'!E:E,"Medium*") -> 0 | T42: =COUNTIFS('Booking Responses'!F:F,"="&A42,'Booking Responses'!E:E,"Large*") -> 0 | U42: =SUM((R42)+(S42*2)+(T42*3)) -> 0
A43: 244 | B43: Darama | C43: Dhillon Chhabra | F43: London, Manchester, Leeds | H43: DJ | I43: UK Bass, anything percussive, Grime, Drill, House,Techno, UK Funky, UKG, Disco | J43: darama@daytimers.org | K43: https://www.instagram.com/daramadj/ | L43: https://soundcloud.com/daramadj | O43: https://soundcloud.com/daramadj | P43: {=MAX(IF($A43='Booking Responses'!F:F,'Booking Responses'!D:D))} -> 45248 | Q43: {=INDEX('Booking Responses'!C:C,MATCH(1,('Booking Responses'!F:F=A43)*('Booking Responses'!D:D=P43),0))} -> Warehouse Project 2023 | R43: =COUNTIFS('Booking Responses'!F:F,"="&A43,'Booking Responses'!E:E,"Small*") -> 0 | S43: =COUNTIFS('Booking Responses'!F:F,"="&A43,'Booking Responses'!E:E,"Medium*") -> 3 | T43: =COUNTIFS('Booking Responses'!F:F,"="&A43,'Booking Responses'!E:E,"Large*") -> 2 | U43: =SUM((R43)+(S43*2)+(T43*3)) -> 12
A44: 245 | B44: Ash Lovecraft | C44: Kashif Majeed | G44: Toronto, Canada | H44: DJ | I44: Moombahton/Dancehall | J44: ashlovecraftmusic@gmail.com | K44: https://www.instagram.com/ashlovecraft/ | O44: https://www.youtube.com/watch?v=JhsZSmVNGPw | P44: {=MAX(IF($A44='Booking Responses'!F:F,'Booking Responses'!D:D))} -> 0 | Q44: {=INDEX('Booking Responses'!C:C,MATCH(1,('Booking Responses'!F:F=A44)*('Booking Responses'!D:D=P44),0))} -> #N/A | R44: =COUNTIFS('Booking Responses'!F:F,"="&A44,'Booking Responses'!E:E,"Small*") -> 0 | S44: =COUNTIFS('Booking Responses'!F:F,"="&A44,'Booking Responses'!E:E,"Medium*") -> 0 | T44: =COUNTIFS('Booking Responses'!F:F,"="&A44,'Booking Responses'!E:E,"Large*") -> 0 | U44: =SUM((R44)+(S44*2)+(T44*3)) -> 0
A45: 246 | B45: Adnan.Afghani | C45: Adnan | F45: London | H45: DJ | I45: "140/160 (techno/breaks/idm/dubstep) +experimental" | J45: - | L45: https://soundcloud.com/daytimers_uk/adnan-afghani-disoriented-rhythms | O45: https://linktr.ee/adnan1198?fbclid=IwAR1RFFnK-rK7SohrsOqfXMyTqflU4LM_MhHgXmHq3o3qZ4QmW9sHmiT9kKk | P45: {=MAX(IF($A45='Booking Responses'!F:F,'Booking Responses'!D:D))} -> 45458 | Q45: {=INDEX('Booking Responses'!C:C,MATCH(1,('Booking Responses'!F:F=A45)*('Booking Responses'!D:D=P45),0))} -> DAYTIMERS Festival | R45: =COUNTIFS('Booking Responses'!F:F,"="&A45,'Booking Responses'!E:E,"Small*") -> 1 | S45: =COUNTIFS('Booking Responses'!F:F,"="&A45,'Booking Responses'!E:E,"Medium*") -> 1 | T45: =COUNTIFS('Booking Responses'!F:F,"="&A45,'Booking Responses'!E:E,"Large*") -> 0 | U45: =SUM((R45)+(S45*2)+(T45*3)) -> 3
A46: 247 | B46: Dushume | C46: Dr Amit Dinesh Patel | F46: Leicester | H46: DJ, Live Act | I46: Noise, Experimental Sound, Glitch, Electroacoustic music, Sound Art, Live Electronics | J46: djdushume@gmail.com | K46: http://www.instagram.com/dushume | L46: https://soundcloud.com/dushume | O46: https://soundcloud.com/dushume | P46: {=MAX(IF($A46='Booking Responses'!F:F,'Booking Responses'!D:D))} -> 0 | Q46: {=INDEX('Booking Responses'!C:C,MATCH(1,('Booking Responses'!F:F=A46)*('Booking Responses'!D:D=P46),0))} -> #N/A | R46: =COUNTIFS('Booking Responses'!F:F,"="&A46,'Booking Responses'!E:E,"Small*") -> 0 | S46: =COUNTIFS('Booking Responses'!F:F,"="&A46,'Booking Responses'!E:E,"Medium*") -> 0 | T46: =COUNTIFS('Booking Responses'!F:F,"="&A46,'Booking Responses'!E:E,"Large*") -> 0 | U46: =SUM((R46)+(S46*2)+(T46*3)) -> 0
A47: 248 | B47: Ghosty | C47: Nik Sahdev | F47: Liverpool | H47: DJ | I47: Jungle, DnB | J47: Dnbghosty@gmail.com | K47: Www.Instagram.com/Nik.ghosty | L47: https://soundcloud.app.goo.gl/jvRkYtRdQbaamWh8A | O47: https://soundcloud.app.goo.gl/jvRkYtRdQbaamWh8A | P47: {=MAX(IF($A47='Booking Responses'!F:F,'Booking Responses'!D:D))} -> 0 | Q47: {=INDEX('Booking Responses'!C:C,MATCH(1,('Booking Responses'!F:F=A47)*('Booking Responses'!D:D=P47),0))} -> #N/A | R47: =COUNTIFS('Booking Responses'!F:F,"="&A47,'Booking Responses'!E:E,"Small*") -> 0 | S47: =COUNTIFS('Booking Responses'!F:F,"="&A47,'Booking Responses'!E:E,"Medium*") -> 0 | T47: =COUNTIFS('Booking Responses'!F:F,"="&A47,'Booking Responses'!E:E,"Large*") -> 0 | U47: =SUM((R47)+(S47*2)+(T47*3)) -> 0
A48: 249 | B48: ORDERLY ROOM | C48: Dani Wijesinghe | F48: Bristol | H48: DJ | I48: bass music, deconstructed club, hard drum, techno, noise, industril | J48: wijesinghedani@gmail.com | K48: https://www.instagram.com/acertainknot/ | L48: https://soundcloud.com/orderly-room | O48: https://soundcloud.com/orderly-room | P48: {=MAX(IF($A48='Booking Responses'!F:F,'Booking Responses'!D:D))} -> 0 | Q48: {=INDEX('Booking Responses'!C:C,MATCH(1,('Booking Responses'!F:F=A48)*('Booking Responses'!D:D=P48),0))} -> #N/A | R48: =COUNTIFS('Booking Responses'!F:F,"="&A48,'Booking Responses'!E:E,"Small*") -> 0 | S48: =COUNTIFS('Booking Responses'!F:F,"="&A48,'Booking Responses'!E:E,"Medium*") -> 0 | T48: =COUNTIFS('Booking Responses'!F:F,"="&A48,'Booking Responses'!E:E,"Large*") -> 0 | U48: =SUM((R48)+(S48*2)+(T48*3)) -> 0
A49: 250 | B49: JAY TAPES | C49: Vijay Patel | F49: London | H49: DJ | I49: House, Techno, Electro, Breaks, Dubstep, Footwork, Reggaeton /Baile, Jungle, etc | J49: jaytapesmusic@gmail.com | K49: https://www.instagram.com/jay.tapes/ | L49: https://soundcloud.com/jaytapes | M49: https://www.tiktok.com/@jaytapes | N49: https://linktr.ee/jaytapes | O49: https://www.mixcloud.com/jaytapesmusic/ | P49: {=MAX(IF($A49='Booking Responses'!F:F,'Booking Responses'!D:D))} -> 0 | Q49: {=INDEX('Booking Responses'!C:C,MATCH(1,('Booking Responses'!F:F=A49)*('Booking Responses'!D:D=P49),0))} -> #N/A | R49: =COUNTIFS('Booking Responses'!F:F,"="&A49,'Booking Responses'!E:E,"Small*") -> 0 | S49: =COUNTIFS('Booking Responses'!F:F,"="&A49,'Booking Responses'!E:E,"Medium*") -> 0 | T49: =COUNTIFS('Booking Responses'!F:F,"="&A49,'Booking Responses'!E:E,"Large*") -> 0 | U49: =SUM((R49)+(S49*2)+(T49*3)) -> 0
A50: 251 | B50: élan vital | C50: Pranam Mavahalli | F50: Manchester | H50: DJ, Live Act | I50: Breaks/electronic/jungle/beats | J50: elanvitalbeats@gmail.com | K50: https://www.instagram.com/elanvitaluk/ | L50: https://soundcloud.com/elanvitaluk | N50: https://linktr.ee/elanvitaluk | O50: https://open.spotify.com/artist/6PVOJqMGjo0XqIRuc3v1vs?si=gE1xPku1TUqkGhunC4NKhg&nd=1 | P50: {=MAX(IF($A50='Booking Responses'!F:F,'Booking Responses'!D:D))} -> 0 | Q50: {=INDEX('Booking Responses'!C:C,MATCH(1,('Booking Responses'!F:F=A50)*('Booking Responses'!D:D=P50),0))} -> #N/A | R50: =COUNTIFS('Booking Responses'!F:F,"="&A50,'Booking Responses'!E:E,"Small*") -> 0 | S50: =COUNTIFS('Booking Responses'!F:F,"="&A50,'Booking Responses'!E:E,"Medium*") -> 0 | T50: =COUNTIFS('Booking Responses'!F:F,"="&A50,'Booking Responses'!E:E,"Large*") -> 0 | U50: =SUM((R50)+(S50*2)+(T50*3)) -> 0
A51: 252 | B51: OT | C51: Omer Tariq | F51: Luton | H51: DJ | I51: Indian classical music | N51: https://twitter.com/o_tariq | O51: https://www.mixcloud.com/ot/ | P51: {=MAX(IF($A51='Booking Responses'!F:F,'Booking Responses'!D:D))} -> 0 | Q51: {=INDEX('Booking Responses'!C:C,MATCH(1,('Booking Responses'!F:F=A51)*('Booking Responses'!D:D=P51),0))} -> #N/A | R51: =COUNTIFS('Booking Responses'!F:F,"="&A51,'Booking Responses'!E:E,"Small*") -> 0 | S51: =COUNTIFS('Booking Responses'!F:F,"="&A51,'Booking Responses'!E:E,"Medium*") -> 0 | T51: =COUNTIFS('Booking Responses'!F:F,"="&A51,'Booking Responses'!E:E,"Large*") -> 0 | U51: =SUM((R51)+(S51*2)+(T51*3)) -> 0
A52: 253 | B52: Alvi Island | C52: Alvi | F52: London | H52: DJ | I52: UK Garage, Grime | K52: https://www.instagram.com/alvi_island/ | L52: https://soundcloud.app.goo.gl/X94u2oBg7626c3bB8 | O52: https://youtube.com/channel/UCm8utJlMuE9LFvnS3SWN1XQ | P52: {=MAX(IF($A52='Booking Responses'!F:F,'Booking Responses'!D:D))} -> 0 | Q52: {=INDEX('Booking Responses'!C:C,MATCH(1,('Booking Responses'!F:F=A52)*('Booking Responses'!D:D=P52),0))} -> #N/A | R52: =COUNTIFS('Booking Responses'!F:F,"="&A52,'Booking Responses'!E:E,"Small*") -> 0 | S52: =COUNTIFS('Booking Responses'!F:F,"="&A52,'Booking Responses'!E:E,"Medium*") -> 0 | T52: =COUNTIFS('Booking Responses'!F:F,"="&A52,'Booking Responses'!E:E,"Large*") -> 0 | U52: =SUM((R52)+(S52*2)+(T52*3)) -> 0
A53: 254 | B53: No Nation | C53: Humzah Awan | F53: Bristol | H53: DJ | I53: Jungle, dnb, rave | J53: humzahawan@gmail.com | K53: https://www.instagram.com/_nonation/ | O53: http://thelivinglevel.tumblr.com | P53: {=MAX(IF($A53='Booking Responses'!F:F,'Booking Responses'!D:D))} -> 44317 | Q53: {=INDEX('Booking Responses'!C:C,MATCH(1,('Booking Responses'!F:F=A53)*('Booking Responses'!D:D=P53),0))} -> Late Night Shopper Stream 2021 | R53: =COUNTIFS('Booking Responses'!F:F,"="&A53,'Booking Responses'!E:E,"Small*") -> 0 | S53: =COUNTIFS('Booking Responses'!F:F,"="&A53,'Booking Responses'!E:E,"Medium*") -> 1 | T53: =COUNTIFS('Booking Responses'!F:F,"="&A53,'Booking Responses'!E:E,"Large*") -> 0 | U53: =SUM((R53)+(S53*2)+(T53*3)) -> 2
A54: 255 | B54: yourboykiran | C54: Kiran Kotecha | F54: London | H54: DJ | I54: Flips + Edits / Baile Funk / UK Funky / Breaks / UKG / 140 / Electro / 160 / Jungle | J54: yourboykiran@gmail.com | K54: https://www.instagram.com/yourboykiran/ | L54: https://soundcloud.com/yourboykiran | N54: https://lnk.bio/yourboykiran | O54: https://soundcloud.com/yourboykiran | P54: {=MAX(IF($A54='Booking Responses'!F:F,'Booking Responses'!D:D))} -> 45325 | Q54: {=INDEX('Booking Responses'!C:C,MATCH(1,('Booking Responses'!F:F=A54)*('Booking Responses'!D:D=P54),0))} -> DT x NDR Versus | R54: =COUNTIFS('Booking Responses'!F:F,"="&A54,'Booking Responses'!E:E,"Small*") -> 1 | S54: =COUNTIFS('Booking Responses'!F:F,"="&A54,'Booking Responses'!E:E,"Medium*") -> 4 | T54: =COUNTIFS('Booking Responses'!F:F,"="&A54,'Booking Responses'!E:E,"Large*") -> 2 | U54: =SUM((R54)+(S54*2)+(T54*3)) -> 15
A55: 256 | B55: Abana | C55: Sahil Dhingra | F55: London | G55: Los Angeles, USA | H55: DJ | I55: house / electro / electronic / UK (all genres) | K55: https://www.instagram.com/abanamusic/ | O55: https://linktr.ee/abana | P55: {=MAX(IF($A55='Booking Responses'!F:F,'Booking Responses'!D:D))} -> 0 | Q55: {=INDEX('Booking Responses'!C:C,MATCH(1,('Booking Responses'!F:F=A55)*('Booking Responses'!D:D=P55),0))} -> #N/A | R55: =COUNTIFS('Booking Responses'!F:F,"="&A55,'Booking Responses'!E:E,"Small*") -> 0 | S55: =COUNTIFS('Booking Responses'!F:F,"="&A55,'Booking Responses'!E:E,"Medium*") -> 0 | T55: =COUNTIFS('Booking Responses'!F:F,"="&A55,'Booking Responses'!E:E,"Large*") -> 0 | U55: =SUM((R55)+(S55*2)+(T55*3)) -> 0
A56: 257 | B56: Petit P | C56: Puneet Gill | F56: London | H56: DJ | I56: House, techo, funk, disco | K56: https://instagram.com/djpetitp?r=nametag | L56: https://m.soundcloud.com/djpetitp | O56: https://m.soundcloud.com/djpetitp | P56: {=MAX(IF($A56='Booking Responses'!F:F,'Booking Responses'!D:D))} -> 45017 | Q56: {=INDEX('Booking Responses'!C:C,MATCH(1,('Booking Responses'!F:F=A56)*('Booking Responses'!D:D=P56),0))} -> Spotify Launch Party 2023 | R56: =COUNTIFS('Booking Responses'!F:F,"="&A56,'Booking Responses'!E:E,"Small*") -> 1 | S56: =COUNTIFS('Booking Responses'!F:F,"="&A56,'Booking Responses'!E:E,"Medium*") -> 1 | T56: =COUNTIFS('Booking Responses'!F:F,"="&A56,'Booking Responses'!E:E,"Large*") -> 0 | U56: =SUM((R56)+(S56*2)+(T56*3)) -> 3
A57: 258 | B57: Nadī | C57: Samia | F57: London | H57: DJ | I57: Club, dancehall, R&b, hiphop, Asian underground and more | J57: nadi.enquiries@gmail.com | K57: https://www.instagram.com/nadi_bpm/ | L57: https://soundcloud.com/thisisnadi | O57: https://www.thisisnadi.com | P57: {=MAX(IF($A57='Booking Responses'!F:F,'Booking Responses'!D:D))} -> 45149 | Q57: {=INDEX('Booking Responses'!C:C,MATCH(1,('Booking Responses'!F:F=A57)*('Booking Responses'!D:D=P57),0))} -> Phonox Residency August 2023 | R57: =COUNTIFS('Booking Responses'!F:F,"="&A57,'Booking Responses'!E:E,"Small*") -> 4 | S57: =COUNTIFS('Booking Responses'!F:F,"="&A57,'Booking Responses'!E:E,"Medium*") -> 4 | T57: =COUNTIFS('Booking Responses'!F:F,"="&A57,'Booking Responses'!E:E,"Large*") -> 2 | U57: =SUM((R57)+(S57*2)+(T57*3)) -> 18
A58: 259 | B58: TRAFFICC | C58: Nihal Kanwar | G58: New Delhi, India | H58: DJ | I58: Techno, House, Garage, Breaks, Bass | J58: trafficcmusic@gmail.com | K58: https://www.instagram.com/trafficccccc/ | L58: https://soundcloud.com/trafficc-music | O58: https://linktr.ee/trafficcmusic | P58: {=MAX(IF($A58='Booking Responses'!F:F,'Booking Responses'!D:D))} -> 0 | Q58: {=INDEX('Booking Responses'!C:C,MATCH(1,('Booking Responses'!F:F=A58)*('Booking Responses'!D:D=P58),0))} -> #N/A | R58: =COUNTIFS('Booking Responses'!F:F,"="&A58,'Booking Responses'!E:E,"Small*") -> 0 | S58: =COUNTIFS('Booking Responses'!F:F,"="&A58,'Booking Responses'!E:E,"Medium*") -> 0 | T58: =COUNTIFS('Booking Responses'!F:F,"="&A58,'Booking Responses'!E:E,"Large*") -> 0 | U58: =SUM((R58)+(S58*2)+(T58*3)) -> 0
A59: 260 | B59: Tommy Khosla | C59: Tommy Khosla | F59: London | H59: Live Act | I59: Electro Indo-Jazz (or Neo Indo-Jazz - we’re still working genre descriptors out!) Also, I usually perform with my band which is called Jawari | J59: tommykhosla@gmail.com | K59: https://www.instagram.com/tommykhosla/ | O59: https://linktr.ee/tommykhosla | P59: {=MAX(IF($A59='Booking Responses'!F:F,'Booking Responses'!D:D))} -> 0 | Q59: {=INDEX('Booking Responses'!C:C,MATCH(1,('Booking Responses'!F:F=A59)*('Booking Responses'!D:D=P59),0))} -> #N/A | R59: =COUNTIFS('Booking Responses'!F:F,"="&A59,'Booking Responses'!E:E,"Small*") -> 0 | S59: =COUNTIFS('Booking Responses'!F:F,"="&A59,'Booking Responses'!E:E,"Medium*") -> 0 | T59: =COUNTIFS('Booking Responses'!F:F,"="&A59,'Booking Responses'!E:E,"Large*") -> 0 | U59: =SUM((R59)+(S59*2)+(T59*3)) -> 0
A60: 261 | B60: Cralias / DJ animebby | C60: Nicholas Subramaniam | F60: London | H60: DJ | I60: Cralias - UK bass/grime/club track (120 -140 stuff. DJ animebby - jungle/cheeky remixes/Nightcore/donk / happy hardcore (160-180 stuff) | L60: SoundCloud.com/djanimebby | N60: SoundCloud.com/cralias | O60: Cralias.bandcamp.com | P60: {=MAX(IF($A60='Booking Responses'!F:F,'Booking Responses'!D:D))} -> 0 | Q60: {=INDEX('Booking Responses'!C:C,MATCH(1,('Booking Responses'!F:F=A60)*('Booking Responses'!D:D=P60),0))} -> #N/A | R60: =COUNTIFS('Booking Responses'!F:F,"="&A60,'Booking Responses'!E:E,"Small*") -> 0 | S60: =COUNTIFS('Booking Responses'!F:F,"="&A60,'Booking Responses'!E:E,"Medium*") -> 0 | T60: =COUNTIFS('Booking Responses'!F:F,"="&A60,'Booking Responses'!E:E,"Large*") -> 0 | U60: =SUM((R60)+(S60*2)+(T60*3)) -> 0
A61: 262 | B61: Gracie T | H61: DJ | P61: {=MAX(IF($A61='Booking Responses'!F:F,'Booking Responses'!D:D))} -> 44413 | Q61: {=INDEX('Booking Responses'!C:C,MATCH(1,('Booking Responses'!F:F=A61)*('Booking Responses'!D:D=P61),0))} -> Boiler Room | R61: =COUNTIFS('Booking Responses'!F:F,"="&A61,'Booking Responses'!E:E,"Small*") -> 0 | S61: =COUNTIFS('Booking Responses'!F:F,"="&A61,'Booking Responses'!E:E,"Medium*") -> 0 | T61: =COUNTIFS('Booking Responses'!F:F,"="&A61,'Booking Responses'!E:E,"Large*") -> 1 | U61: =SUM((R61)+(S61*2)+(T61*3)) -> 3
A62: 263 | B62: Suchi | H62: DJ | P62: {=MAX(IF($A62='Booking Responses'!F:F,'Booking Responses'!D:D))} -> 45098 | Q62: {=INDEX('Booking Responses'!C:C,MATCH(1,('Booking Responses'!F:F=A62)*('Booking Responses'!D:D=P62),0))} -> Glasto 2023 | R62: =COUNTIFS('Booking Responses'!F:F,"="&A62,'Booking Responses'!E:E,"Small*") -> 0 | S62: =COUNTIFS('Booking Responses'!F:F,"="&A62,'Booking Responses'!E:E,"Medium*") -> 0 | T62: =COUNTIFS('Booking Responses'!F:F,"="&A62,'Booking Responses'!E:E,"Large*") -> 2 | U62: =SUM((R62)+(S62*2)+(T62*3)) -> 6
A63: 264 | B63: Chande | H63: DJ | P63: {=MAX(IF($A63='Booking Responses'!F:F,'Booking Responses'!D:D))} -> 45248 | Q63: {=INDEX('Booking Responses'!C:C,MATCH(1,('Booking Responses'!F:F=A63)*('Booking Responses'!D:D=P63),0))} -> Warehouse Project 2023 | R63: =COUNTIFS('Booking Responses'!F:F,"="&A63,'Booking Responses'!E:E,"Small*") -> 2 | S63: =COUNTIFS('Booking Responses'!F:F,"="&A63,'Booking Responses'!E:E,"Medium*") -> 4 | T63: =COUNTIFS('Booking Responses'!F:F,"="&A63,'Booking Responses'!E:E,"Large*") -> 5 | U63: =SUM((R63)+(S63*2)+(T63*3)) -> 25
A64: 265 | B64: amad.png | C64: amad ilyas | H64: DJ | P64: {=MAX(IF($A64='Booking Responses'!F:F,'Booking Responses'!D:D))} -> 44806 | Q64: {=INDEX('Booking Responses'!C:C,MATCH(1,('Booking Responses'!F:F=A64)*('Booking Responses'!D:D=P64),0))} -> Field Maneuvers 2022 | R64: =COUNTIFS('Booking Responses'!F:F,"="&A64,'Booking Responses'!E:E,"Small*") -> 3 | S64: =COUNTIFS('Booking Responses'!F:F,"="&A64,'Booking Responses'!E:E,"Medium*") -> 3 | T64: =COUNTIFS('Booking Responses'!F:F,"="&A64,'Booking Responses'!E:E,"Large*") -> 1 | U64: =SUM((R64)+(S64*2)+(T64*3)) -> 12
A65: 266 | B65: Amani Saeed | C65: Amani Saeed | H65: Live Act | P65: {=MAX(IF($A65='Booking Responses'!F:F,'Booking Responses'!D:D))} -> 44675 | Q65: {=INDEX('Booking Responses'!C:C,MATCH(1,('Booking Responses'!F:F=A65)*('Booking Responses'!D:D=P65),0))} -> Daytimers x SUP? Supper Club | R65: =COUNTIFS('Booking Responses'!F:F,"="&A65,'Booking Responses'!E:E,"Small*") -> 1 | S65: =COUNTIFS('Booking Responses'!F:F,"="&A65,'Booking Responses'!E:E,"Medium*") -> 1 | T65: =COUNTIFS('Booking Responses'!F:F,"="&A65,'Booking Responses'!E:E,"Large*") -> 0 | U65: =SUM((R65)+(S65*2)+(T65*3)) -> 3
A66: 267 | B66: Anjali | C66: Anjali | H66: DJ | P66: {=MAX(IF($A66='Booking Responses'!F:F,'Booking Responses'!D:D))} -> 45248 | Q66: {=INDEX('Booking Responses'!C:C,MATCH(1,('Booking Responses'!F:F=A66)*('Booking Responses'!D:D=P66),0))} -> Warehouse Project 2023 | R66: =COUNTIFS('Booking Responses'!F:F,"="&A66,'Booking Responses'!E:E,"Small*") -> 0 | S66: =COUNTIFS('Booking Responses'!F:F,"="&A66,'Booking Responses'!E:E,"Medium*") -> 1 | T66: =COUNTIFS('Booking Responses'!F:F,"="&A66,'Booking Responses'!E:E,"Large*") -> 1 | U66: =SUM((R66)+(S66*2)+(T66*3)) -> 5
A67: 268 | B67: Anu | C67: Anu | H67: DJ | P67: {=MAX(IF($A67='Booking Responses'!F:F,'Booking Responses'!D:D))} -> 44953 | Q67: {=INDEX('Booking Responses'!C:C,MATCH(1,('Booking Responses'!F:F=A67)*('Booking Responses'!D:D=P67),0))} -> Watch the Drop | R67: =COUNTIFS('Booking Responses'!F:F,"="&A67,'Booking Responses'!E:E,"Small*") -> 1 | S67: =COUNTIFS('Booking Responses'!F:F,"="&A67,'Booking Responses'!E:E,"Medium*") -> 3 | T67: =COUNTIFS('Booking Responses'!F:F,"="&A67,'Booking Responses'!E:E,"Large*") -> 1 | U67: =SUM((R67)+(S67*2)+(T67*3)) -> 10
A68: 269 | B68: Arnav | C68: Arnav | H68: DJ | P68: {=MAX(IF($A68='Booking Responses'!F:F,'Booking Responses'!D:D))} -> 45395 | Q68: {=INDEX('Booking Responses'!C:C,MATCH(1,('Booking Responses'!F:F=A68)*('Booking Responses'!D:D=P68),0))} -> DAYTIMERS BERLIN | R68: =COUNTIFS('Booking Responses'!F:F,"="&A68,'Booking Responses'!E:E,"Small*") -> 0 | S68: =COUNTIFS('Booking Responses'!F:F,"="&A68,'Booking Responses'!E:E,"Medium*") -> 2 | T68: =COUNTIFS('Booking Responses'!F:F,"="&A68,'Booking Responses'!E:E,"Large*") -> 0 | U68: =SUM((R68)+(S68*2)+(T68*3)) -> 4
A69: 270 | B69: Arthi | C69: Arthi | H69: DJ, Live Act | P69: {=MAX(IF($A69='Booking Responses'!F:F,'Booking Responses'!D:D))} -> 45072 | Q69: {=INDEX('Booking Responses'!C:C,MATCH(1,('Booking Responses'!F:F=A69)*('Booking Responses'!D:D=P69),0))} -> Jazz Cafe | R69: =COUNTIFS('Booking Responses'!F:F,"="&A69,'Booking Responses'!E:E,"Small*") -> 0 | S69: =COUNTIFS('Booking Responses'!F:F,"="&A69,'Booking Responses'!E:E,"Medium*") -> 1 | T69: =COUNTIFS('Booking Responses'!F:F,"="&A69,'Booking Responses'!E:E,"Large*") -> 2 | U69: =SUM((R69)+(S69*2)+(T69*3)) -> 8
A70: 271 | B70: Azan Ahmed | C70: Azan Ahmed | H70: Live Act | P70: {=MAX(IF($A70='Booking Responses'!F:F,'Booking Responses'!D:D))} -> 44651 | Q70: {=INDEX('Booking Responses'!C:C,MATCH(1,('Booking Responses'!F:F=A70)*('Booking Responses'!D:D=P70),0))} -> Mehfil 001 | R70: =COUNTIFS('Booking Responses'!F:F,"="&A70,'Booking Responses'!E:E,"Small*") -> 0 | S70: =COUNTIFS('Booking Responses'!F:F,"="&A70,'Booking Responses'!E:E,"Medium*") -> 1 | T70: =COUNTIFS('Booking Responses'!F:F,"="&A70,'Booking Responses'!E:E,"Large*") -> 0 | U70: =SUM((R70)+(S70*2)+(T70*3)) -> 2
A71: 272 | B71: Bindiyas World | H71: Live Act | P71: {=MAX(IF($A71='Booking Responses'!F:F,'Booking Responses'!D:D))} -> 44646 | Q71: {=INDEX('Booking Responses'!C:C,MATCH(1,('Booking Responses'!F:F=A71)*('Booking Responses'!D:D=P71),0))} -> Rich Mix: London Remixed Festival | R71: =COUNTIFS('Booking Responses'!F:F,"="&A71,'Booking Responses'!E:E,"Small*") -> 0 | S71: =COUNTIFS('Booking Responses'!F:F,"="&A71,'Booking Responses'!E:E,"Medium*") -> 1 | T71: =COUNTIFS('Booking Responses'!F:F,"="&A71,'Booking Responses'!E:E,"Large*") -> 0 | U71: =SUM((R71)+(S71*2)+(T71*3)) -> 2
A72: 273 | B72: Bintmbareh | H72: DJ | P72: {=MAX(IF($A72='Booking Responses'!F:F,'Booking Responses'!D:D))} -> 44744 | Q72: {=INDEX('Booking Responses'!C:C,MATCH(1,('Booking Responses'!F:F=A72)*('Booking Responses'!D:D=P72),0))} -> Daytimers x Middle Of Nowhere | R72: =COUNTIFS('Booking Responses'!F:F,"="&A72,'Booking Responses'!E:E,"Small*") -> 0 | S72: =COUNTIFS('Booking Responses'!F:F,"="&A72,'Booking Responses'!E:E,"Medium*") -> 0 | T72: =COUNTIFS('Booking Responses'!F:F,"="&A72,'Booking Responses'!E:E,"Large*") -> 1 | U72: =SUM((R72)+(S72*2)+(T72*3)) -> 3
A73: 274 | B73: Bolly Illusion | H73: Live Act | P73: {=MAX(IF($A73='Booking Responses'!F:F,'Booking Responses'!D:D))} -> 44799 | Q73: {=INDEX('Booking Responses'!C:C,MATCH(1,('Booking Responses'!F:F=A73)*('Booking Responses'!D:D=P73),0))} -> This Bright Land: Somerset House | R73: =COUNTIFS('Booking Responses'!F:F,"="&A73,'Booking Responses'!E:E,"Small*") -> 0 | S73: =COUNTIFS('Booking Responses'!F:F,"="&A73,'Booking Responses'!E:E,"Medium*") -> 2 | T73: =COUNTIFS('Booking Responses'!F:F,"="&A73,'Booking Responses'!E:E,"Large*") -> 0 | U73: =SUM((R73)+(S73*2)+(T73*3)) -> 4
A74: 275 | B74: Disco Arabesquo | H74: DJ | P74: {=MAX(IF($A74='Booking Responses'!F:F,'Booking Responses'!D:D))} -> 44744 | Q74: {=INDEX('Booking Responses'!C:C,MATCH(1,('Booking Responses'!F:F=A74)*('Booking Responses'!D:D=P74),0))} -> Daytimers x Middle Of Nowhere | R74: =COUNTIFS('Booking Responses'!F:F,"="&A74,'Booking Responses'!E:E,"Small*") -> 0 | S74: =COUNTIFS('Booking Responses'!F:F,"="&A74,'Booking Responses'!E:E,"Medium*") -> 0 | T74: =COUNTIFS('Booking Responses'!F:F,"="&A74,'Booking Responses'!E:E,"Large*") -> 1 | U74: =SUM((R74)+(S74*2)+(T74*3)) -> 3
A75: 276 | B75: DJ Mimi | H75: DJ | P75: {=MAX(IF($A75='Booking Responses'!F:F,'Booking Responses'!D:D))} -> 44799 | Q75: {=INDEX('Booking Responses'!C:C,MATCH(1,('Booking Responses'!F:F=A75)*('Booking Responses'!D:D=P75),0))} -> This Bright Land: Somerset House | R75: =COUNTIFS('Booking Responses'!F:F,"="&A75,'Booking Responses'!E:E,"Small*") -> 0 | S75: =COUNTIFS('Booking Responses'!F:F,"="&A75,'Booking Responses'!E:E,"Medium*") -> 1 | T75: =COUNTIFS('Booking Responses'!F:F,"="&A75,'Booking Responses'!E:E,"Large*") -> 0 | U75: =SUM((R75)+(S75*2)+(T75*3)) -> 2
A76: 277 | B76: Petit P | H76: DJ | P76: {=MAX(IF($A76='Booking Responses'!F:F,'Booking Responses'!D:D))} -> 0 | Q76: {=INDEX('Booking Responses'!C:C,MATCH(1,('Booking Responses'!F:F=A76)*('Booking Responses'!D:D=P76),0))} -> #N/A | R76: =COUNTIFS('Booking Responses'!F:F,"="&A76,'Booking Responses'!E:E,"Small*") -> 0 | S76: =COUNTIFS('Booking Responses'!F:F,"="&A76,'Booking Responses'!E:E,"Medium*") -> 0 | T76: =COUNTIFS('Booking Responses'!F:F,"="&A76,'Booking Responses'!E:E,"Large*") -> 0 | U76: =SUM((R76)+(S76*2)+(T76*3)) -> 0
A77: 278 | B77: D-Lish | C77: Alisha Shah | H77: DJ | P77: {=MAX(IF($A77='Booking Responses'!F:F,'Booking Responses'!D:D))} -> 45325 | Q77: {=INDEX('Booking Responses'!C:C,MATCH(1,('Booking Responses'!F:F=A77)*('Booking Responses'!D:D=P77),0))} -> DT X NDR Versus | R77: =COUNTIFS('Booking Responses'!F:F,"="&A77,'Booking Responses'!E:E,"Small*") -> 2 | S77: =COUNTIFS('Booking Responses'!F:F,"="&A77,'Booking Responses'!E:E,"Medium*") -> 1 | T77: =COUNTIFS('Booking Responses'!F:F,"="&A77,'Booking Responses'!E:E,"Large*") -> 1 | U77: =SUM((R77)+(S77*2)+(T77*3)) -> 7
A78: 279 | B78: Elvira | H78: DJ | P78: {=MAX(IF($A78='Booking Responses'!F:F,'Booking Responses'!D:D))} -> 44715 | Q78: {=INDEX('Booking Responses'!C:C,MATCH(1,('Booking Responses'!F:F=A78)*('Booking Responses'!D:D=P78),0))} -> Mahalla x My Kali (Paris) | R78: =COUNTIFS('Booking Responses'!F:F,"="&A78,'Booking Responses'!E:E,"Small*") -> 0 | S78: =COUNTIFS('Booking Responses'!F:F,"="&A78,'Booking Responses'!E:E,"Medium*") -> 1 | T78: =COUNTIFS('Booking Responses'!F:F,"="&A78,'Booking Responses'!E:E,"Large*") -> 0 | U78: =SUM((R78)+(S78*2)+(T78*3)) -> 2
A79: 280 | B79: Enayet | H79: DJ | P79: {=MAX(IF($A79='Booking Responses'!F:F,'Booking Responses'!D:D))} -> 44505 | Q79: {=INDEX('Booking Responses'!C:C,MATCH(1,('Booking Responses'!F:F=A79)*('Booking Responses'!D:D=P79),0))} -> Keep Hush: Eastern Margins x Daytimers | R79: =COUNTIFS('Booking Responses'!F:F,"="&A79,'Booking Responses'!E:E,"Small*") -> 0 | S79: =COUNTIFS('Booking Responses'!F:F,"="&A79,'Booking Responses'!E:E,"Medium*") -> 1 | T79: =COUNTIFS('Booking Responses'!F:F,"="&A79,'Booking Responses'!E:E,"Large*") -> 0 | U79: =SUM((R79)+(S79*2)+(T79*3)) -> 2
A80: 281 | B80: Esky | H80: DJ | P80: {=MAX(IF($A80='Booking Responses'!F:F,'Booking Responses'!D:D))} -> 44799 | Q80: {=INDEX('Booking Responses'!C:C,MATCH(1,('Booking Responses'!F:F=A80)*('Booking Responses'!D:D=P80),0))} -> This Bright Land: Somerset House | R80: =COUNTIFS('Booking Responses'!F:F,"="&A80,'Booking Responses'!E:E,"Small*") -> 0 | S80: =COUNTIFS('Booking Responses'!F:F,"="&A80,'Booking Responses'!E:E,"Medium*") -> 1 | T80: =COUNTIFS('Booking Responses'!F:F,"="&A80,'Booking Responses'!E:E,"Large*") -> 0 | U80: =SUM((R80)+(S80*2)+(T80*3)) -> 2
A81: 282 | B81: Grewal Twins | H81: Live Act | P81: {=MAX(IF($A81='Booking Responses'!F:F,'Booking Responses'!D:D))} -> 44651 | Q81: {=INDEX('Booking Responses'!C:C,MATCH(1,('Booking Responses'!F:F=A81)*('Booking Responses'!D:D=P81),0))} -> Mehfil 001 | R81: =COUNTIFS('Booking Responses'!F:F,"="&A81,'Booking Responses'!E:E,"Small*") -> 0 | S81: =COUNTIFS('Booking Responses'!F:F,"="&A81,'Booking Responses'!E:E,"Medium*") -> 1 | T81: =COUNTIFS('Booking Responses'!F:F,"="&A81,'Booking Responses'!E:E,"Large*") -> 0 | U81: =SUM((R81)+(S81*2)+(T81*3)) -> 2
A82: 283 | B82: Honeyjamn | H82: DJ | P82: {=MAX(IF($A82='Booking Responses'!F:F,'Booking Responses'!D:D))} -> 44675 | Q82: {=INDEX('Booking Responses'!C:C,MATCH(1,('Booking Responses'!F:F=A82)*('Booking Responses'!D:D=P82),0))} -> Daytimers x SUP? Supper Club | R82: =COUNTIFS('Booking Responses'!F:F,"="&A82,'Booking Responses'!E:E,"Small*") -> 1 | S82: =COUNTIFS('Booking Responses'!F:F,"="&A82,'Booking Responses'!E:E,"Medium*") -> 0 | T82: =COUNTIFS('Booking Responses'!F:F,"="&A82,'Booking Responses'!E:E,"Large*") -> 0 | U82: =SUM((R82)+(S82*2)+(T82*3)) -> 1
A83: 284 | B83: Jameela | H83: DJ | P83: {=MAX(IF($A83='Booking Responses'!F:F,'Booking Responses'!D:D))} -> 45248 | Q83: {=INDEX('Booking Responses'!C:C,MATCH(1,('Booking Responses'!F:F=A83)*('Booking Responses'!D:D=P83),0))} -> Warehouse Project 2023 | R83: =COUNTIFS('Booking Responses'!F:F,"="&A83,'Booking Responses'!E:E,"Small*") -> 0 | S83: =COUNTIFS('Booking Responses'!F:F,"="&A83,'Booking Responses'!E:E,"Medium*") -> 1 | T83: =COUNTIFS('Booking Responses'!F:F,"="&A83,'Booking Responses'!E:E,"Large*") -> 2 | U83: =SUM((R83)+(S83*2)+(T83*3)) -> 8
A84: 285 | B84: Jaskkkkkkk | H84: DJ | P84: {=MAX(IF($A84='Booking Responses'!F:F,'Booking Responses'!D:D))} -> 0 | Q84: {=INDEX('Booking Responses'!C:C,MATCH(1,('Booking Responses'!F:F=A84)*('Booking Responses'!D:D=P84),0))} -> #N/A | R84: =COUNTIFS('Booking Responses'!F:F,"="&A84,'Booking Responses'!E:E,"Small*") -> 0 | S84: =COUNTIFS('Booking Responses'!F:F,"="&A84,'Booking Responses'!E:E,"Medium*") -> 0 | T84: =COUNTIFS('Booking Responses'!F:F,"="&A84,'Booking Responses'!E:E,"Large*") -> 0 | U84: =SUM((R84)+(S84*2)+(T84*3)) -> 0
A85: 286 | B85: JAY TAPES | H85: DJ | P85: {=MAX(IF($A85='Booking Responses'!F:F,'Booking Responses'!D:D))} -> 0 | Q85: {=INDEX('Booking Responses'!C:C,MATCH(1,('Booking Responses'!F:F=A85)*('Booking Responses'!D:D=P85),0))} -> #N/A | R85: =COUNTIFS('Booking Responses'!F:F,"="&A85,'Booking Responses'!E:E,"Small*") -> 0 | S85: =COUNTIFS('Booking Responses'!F:F,"="&A85,'Booking Responses'!E:E,"Medium*") -> 0 | T85: =COUNTIFS('Booking Responses'!F:F,"="&A85,'Booking Responses'!E:E,"Large*") -> 0 | U85: =SUM((R85)+(S85*2)+(T85*3)) -> 0
A86: 287 | B86: Jhumka | H86: DJ | P86: {=MAX(IF($A86='Booking Responses'!F:F,'Booking Responses'!D:D))} -> 45164 | Q86: {=INDEX('Booking Responses'!C:C,MATCH(1,('Booking Responses'!F:F=A86)*('Booking Responses'!D:D=P86),0))} -> Lost Village Festival 2023 | R86: =COUNTIFS('Booking Responses'!F:F,"="&A86,'Booking Responses'!E:E,"Small*") -> 0 | S86: =COUNTIFS('Booking Responses'!F:F,"="&A86,'Booking Responses'!E:E,"Medium*") -> 2 | T86: =COUNTIFS('Booking Responses'!F:F,"="&A86,'Booking Responses'!E:E,"Large*") -> 1 | U86: =SUM((R86)+(S86*2)+(T86*3)) -> 7
A87: 288 | B87: Jonny Khan | C87: Jonny Khan | H87: DJ | P87: {=MAX(IF($A87='Booking Responses'!F:F,'Booking Responses'!D:D))} -> 44799 | Q87: {=INDEX('Booking Responses'!C:C,MATCH(1,('Booking Responses'!F:F=A87)*('Booking Responses'!D:D=P87),0))} -> This Bright Land: Somerset House | R87: =COUNTIFS('Booking Responses'!F:F,"="&A87,'Booking Responses'!E:E,"Small*") -> 0 | S87: =COUNTIFS('Booking Responses'!F:F,"="&A87,'Booking Responses'!E:E,"Medium*") -> 1 | T87: =COUNTIFS('Booking Responses'!F:F,"="&A87,'Booking Responses'!E:E,"Large*") -> 0 | U87: =SUM((R87)+(S87*2)+(T87*3)) -> 2
A88: 289 | P88: {=MAX(IF($A88='Booking Responses'!F:F,'Booking Responses'!D:D))} -> 0 | Q88: {=INDEX('Booking Responses'!C:C,MATCH(1,('Booking Responses'!F:F=A88)*('Booking Responses'!D:D=P88),0))} -> #N/A | R88: =COUNTIFS('Booking Responses'!F:F,"="&A88,'Booking Responses'!E:E,"Small*") -> 0 | S88: =COUNTIFS('Booking Responses'!F:F,"="&A88,'Booking Responses'!E:E,"Medium*") -> 0 | T88: =COUNTIFS('Booking Responses'!F:F,"="&A88,'Booking Responses'!E:E,"Large*") -> 0 | U88: =SUM((R88)+(S88*2)+(T88*3)) -> 0
A89: 290 | B89: Kareem Samara | C89: Kareem Samara | H89: DJ | P89: {=MAX(IF($A89='Booking Responses'!F:F,'Booking Responses'!D:D))} -> 44744 | Q89: {=INDEX('Booking Responses'!C:C,MATCH(1,('Booking Responses'!F:F=A89)*('Booking Responses'!D:D=P89),0))} -> Daytimers x Middle Of Nowhere | R89: =COUNTIFS('Booking Responses'!F:F,"="&A89,'Booking Responses'!E:E,"Small*") -> 0 | S89: =COUNTIFS('Booking Responses'!F:F,"="&A89,'Booking Responses'!E:E,"Medium*") -> 0 | T89: =COUNTIFS('Booking Responses'!F:F,"="&A89,'Booking Responses'!E:E,"Large*") -> 1 | U89: =SUM((R89)+(S89*2)+(T89*3)) -> 3
A90: 292 | B90: Larena Amin | C90: Larena Amin | H90: Live Act | P90: {=MAX(IF($A90='Booking Responses'!F:F,'Booking Responses'!D:D))} -> 44744 | Q90: {=INDEX('Booking Responses'!C:C,MATCH(1,('Booking Responses'!F:F=A90)*('Booking Responses'!D:D=P90),0))} -> Daytimers x Middle Of Nowhere (Mehfil) | R90: =COUNTIFS('Booking Responses'!F:F,"="&A90,'Booking Responses'!E:E,"Small*") -> 0 | S90: =COUNTIFS('Booking Responses'!F:F,"="&A90,'Booking Responses'!E:E,"Medium*") -> 0 | T90: =COUNTIFS('Booking Responses'!F:F,"="&A90,'Booking Responses'!E:E,"Large*") -> 1 | U90: =SUM((R90)+(S90*2)+(T90*3)) -> 3
A91: 293 | B91: Mahnoor | H91: DJ | P91: {=MAX(IF($A91='Booking Responses'!F:F,'Booking Responses'!D:D))} -> 45415 | Q91: {=INDEX('Booking Responses'!C:C,MATCH(1,('Booking Responses'!F:F=A91)*('Booking Responses'!D:D=P91),0))} -> Liberation Squares Press Night | R91: =COUNTIFS('Booking Responses'!F:F,"="&A91,'Booking Responses'!E:E,"Small*") -> 1 | S91: =COUNTIFS('Booking Responses'!F:F,"="&A91,'Booking Responses'!E:E,"Medium*") -> 3 | T91: =COUNTIFS('Booking Responses'!F:F,"="&A91,'Booking Responses'!E:E,"Large*") -> 2 | U91: =SUM((R91)+(S91*2)+(T91*3)) -> 13
A92: 294 | B92: Manara | H92: DJ | P92: {=MAX(IF($A92='Booking Responses'!F:F,'Booking Responses'!D:D))} -> 44744 | Q92: {=INDEX('Booking Responses'!C:C,MATCH(1,('Booking Responses'!F:F=A92)*('Booking Responses'!D:D=P92),0))} -> Daytimers x Middle Of Nowhere | R92: =COUNTIFS('Booking Responses'!F:F,"="&A92,'Booking Responses'!E:E,"Small*") -> 0 | S92: =COUNTIFS('Booking Responses'!F:F,"="&A92,'Booking Responses'!E:E,"Medium*") -> 0 | T92: =COUNTIFS('Booking Responses'!F:F,"="&A92,'Booking Responses'!E:E,"Large*") -> 2 | U92: =SUM((R92)+(S92*2)+(T92*3)) -> 6
A93: 296 | B93: Monophonik | H93: DJ | P93: {=MAX(IF($A93='Booking Responses'!F:F,'Booking Responses'!D:D))} -> 44701 | Q93: {=INDEX('Booking Responses'!C:C,MATCH(1,('Booking Responses'!F:F=A93)*('Booking Responses'!D:D=P93),0))} -> Corsica Studios: 20/05/2022 | R93: =COUNTIFS('Booking Responses'!F:F,"="&A93,'Booking Responses'!E:E,"Small*") -> 0 | S93: =COUNTIFS('Booking Responses'!F:F,"="&A93,'Booking Responses'!E:E,"Medium*") -> 1 | T93: =COUNTIFS('Booking Responses'!F:F,"="&A93,'Booking Responses'!E:E,"Large*") -> 0 | U93: =SUM((R93)+(S93*2)+(T93*3)) -> 2
A94: 297 | B94: Moorni | H94: DJ | P94: {=MAX(IF($A94='Booking Responses'!F:F,'Booking Responses'!D:D))} -> 44638 | Q94: {=INDEX('Booking Responses'!C:C,MATCH(1,('Booking Responses'!F:F=A94)*('Booking Responses'!D:D=P94),0))} -> The Carpet Shop (Daytimers Takeover) | R94: =COUNTIFS('Booking Responses'!F:F,"="&A94,'Booking Responses'!E:E,"Small*") -> 0 | S94: =COUNTIFS('Booking Responses'!F:F,"="&A94,'Booking Responses'!E:E,"Medium*") -> 2 | T94: =COUNTIFS('Booking Responses'!F:F,"="&A94,'Booking Responses'!E:E,"Large*") -> 0 | U94: =SUM((R94)+(S94*2)+(T94*3)) -> 4
A95: 298 | B95: Mous Bahri | H95: DJ | P95: {=MAX(IF($A95='Booking Responses'!F:F,'Booking Responses'!D:D))} -> 44715 | Q95: {=INDEX('Booking Responses'!C:C,MATCH(1,('Booking Responses'!F:F=A95)*('Booking Responses'!D:D=P95),0))} -> Mahalla x My Kali (Paris) | R95: =COUNTIFS('Booking Responses'!F:F,"="&A95,'Booking Responses'!E:E,"Small*") -> 0 | S95: =COUNTIFS('Booking Responses'!F:F,"="&A95,'Booking Responses'!E:E,"Medium*") -> 1 | T95: =COUNTIFS('Booking Responses'!F:F,"="&A95,'Booking Responses'!E:E,"Large*") -> 0 | U95: =SUM((R95)+(S95*2)+(T95*3)) -> 2
A96: 299 | B96: Mypandashallfly | H96: DJ | P96: {=MAX(IF($A96='Booking Responses'!F:F,'Booking Responses'!D:D))} -> 44744 | Q96: {=INDEX('Booking Responses'!C:C,MATCH(1,('Booking Responses'!F:F=A96)*('Booking Responses'!D:D=P96),0))} -> Daytimers x Middle Of Nowhere | R96: =COUNTIFS('Booking Responses'!F:F,"="&A96,'Booking Responses'!E:E,"Small*") -> 0 | S96: =COUNTIFS('Booking Responses'!F:F,"="&A96,'Booking Responses'!E:E,"Medium*") -> 0 | T96: =COUNTIFS('Booking Responses'!F:F,"="&A96,'Booking Responses'!E:E,"Large*") -> 1 | U96: =SUM((R96)+(S96*2)+(T96*3)) -> 3
A97: 300 | B97: Nahi Mitti | H97: DJ | P97: {=MAX(IF($A97='Booking Responses'!F:F,'Booking Responses'!D:D))} -> 44417 | Q97: {=INDEX('Booking Responses'!C:C,MATCH(1,('Booking Responses'!F:F=A97)*('Booking Responses'!D:D=P97),0))} -> Wigflex Festival | R97: =COUNTIFS('Booking Responses'!F:F,"="&A97,'Booking Responses'!E:E,"Small*") -> 0 | S97: =COUNTIFS('Booking Responses'!F:F,"="&A97,'Booking Responses'!E:E,"Medium*") -> 1 | T97: =COUNTIFS('Booking Responses'!F:F,"="&A97,'Booking Responses'!E:E,"Large*") -> 0 | U97: =SUM((R97)+(S97*2)+(T97*3)) -> 2
A98: 301 | B98: Natanya | H98: Live Act | P98: {=MAX(IF($A98='Booking Responses'!F:F,'Booking Responses'!D:D))} -> 44488 | Q98: {=INDEX('Booking Responses'!C:C,MATCH(1,('Booking Responses'!F:F=A98)*('Booking Responses'!D:D=P98),0))} -> Roundhouse (Daytimers Presents): Nayana IZ, Nikhil Beats & Natanya | R98: =COUNTIFS('Booking Responses'!F:F,"="&A98,'Booking Responses'!E:E,"Small*") -> 1 | S98: =COUNTIFS('Booking Responses'!F:F,"="&A98,'Booking Responses'!E:E,"Medium*") -> 0 | T98: =COUNTIFS('Booking Responses'!F:F,"="&A98,'Booking Responses'!E:E,"Large*") -> 0 | U98: =SUM((R98)+(S98*2)+(T98*3)) -> 1
A99: 302 | B99: Nayana IZ | H99: DJ, Live Act | P99: {=MAX(IF($A99='Booking Responses'!F:F,'Booking Responses'!D:D))} -> 44488 | Q99: {=INDEX('Booking Responses'!C:C,MATCH(1,('Booking Responses'!F:F=A99)*('Booking Responses'!D:D=P99),0))} -> Roundhouse (Daytimers Presents): Nayana IZ, Nikhil Beats & Natanya | R99: =COUNTIFS('Booking Responses'!F:F,"="&A99,'Booking Responses'!E:E,"Small*") -> 1 | S99: =COUNTIFS('Booking Responses'!F:F,"="&A99,'Booking Responses'!E:E,"Medium*") -> 0 | T99: =COUNTIFS('Booking Responses'!F:F,"="&A99,'Booking Responses'!E:E,"Large*") -> 0 | U99: =SUM((R99)+(S99*2)+(T99*3)) -> 1
A100: 303 | B100: Neeta | H100: Live Act | P100: {=MAX(IF($A100='Booking Responses'!F:F,'Booking Responses'!D:D))} -> 44744 | Q100: {=INDEX('Booking Responses'!C:C,MATCH(1,('Booking Responses'!F:F=A100)*('Booking Responses'!D:D=P100),0))} -> Daytimers x Middle Of Nowhere | R100: =COUNTIFS('Booking Responses'!F:F,"="&A100,'Booking Responses'!E:E,"Small*") -> 0 | S100: =COUNTIFS('Booking Responses'!F:F,"="&A100,'Booking Responses'!E:E,"Medium*") -> 0 | T100: =COUNTIFS('Booking Responses'!F:F,"="&A100,'Booking Responses'!E:E,"Large*") -> 1 | U100: =SUM((R100)+(S100*2)+(T100*3)) -> 3
...

Sheet Stats
A1: Most Booked Artists (Overall) | B1: Top: | C1: 25
B2: Rank | C2: Artist name | D2: Preferred Name | E2: Preferred Pronouns | F2: Heritage | G2: Location | H2: Outside of UK (If applicable) | I2: Type of Act | J2: Genre | K2: Contact Details | L2: Instagram | M2: Soundcloud | N2: TikTok | O2: Any other social media | P2: Link to Previous Work | Q2: Most Recent Date Booked | R2: Event Name | S2: Small Gigs booked for | T2: Medium Gigs booked for | U2: Large Gigs booked for | V2: Gig Score (S =1, M =2 , L=3)
B3: {=iferror(rank(V3:V27, V3:V27, False), "")} -> 1 | C3: =IFERROR(__xludf.DUMMYFUNCTION("SORTN('Roster Info'!B44:U1000, C1, false, 'Roster Info'!U44:U1000, false)"),"Chande") -> Chande | I3: =IFERROR(__xludf.DUMMYFUNCTION("""COMPUTED_VALUE"""),"DJ") -> DJ | Q3: =IFERROR(__xludf.DUMMYFUNCTION("""COMPUTED_VALUE"""),45248.0) -> 45248 | R3: =IFERROR(__xludf.DUMMYFUNCTION("""COMPUTED_VALUE"""),"Warehouse Project 2023") -> Warehouse Project 2023 | S3: =IFERROR(__xludf.DUMMYFUNCTION("""COMPUTED_VALUE"""),2.0) -> 2 | T3: =IFERROR(__xludf.DUMMYFUNCTION("""COMPUTED_VALUE"""),4.0) -> 4 | U3: =IFERROR(__xludf.DUMMYFUNCTION("""COMPUTED_VALUE"""),5.0) -> 5 | V3: =IFERROR(__xludf.DUMMYFUNCTION("""COMPUTED_VALUE"""),25.0) -> 25
B4: 2 | C4: =IFERROR(__xludf.DUMMYFUNCTION("""COMPUTED_VALUE"""),"Nadī") -> Nadī | D4: =IFERROR(__xludf.DUMMYFUNCTION("""COMPUTED_VALUE"""),"Samia") -> Samia | G4: =IFERROR(__xludf.DUMMYFUNCTION("""COMPUTED_VALUE"""),"London") -> London | I4: =IFERROR(__xludf.DUMMYFUNCTION("""COMPUTED_VALUE"""),"DJ") -> DJ | J4: =IFERROR(__xludf.DUMMYFUNCTION("""COMPUTED_VALUE"""),"Club, dancehall, R&b, hiphop, Asian underground and more ") -> Club, dancehall, R&b, hiphop, Asian underground and more | K4: =IFERROR(__xludf.DUMMYFUNCTION("""COMPUTED_VALUE"""),"nadi.enquiries@gmail.com") -> nadi.enquiries@gmail.com | L4: =IFERROR(__xludf.DUMMYFUNCTION("""COMPUTED_VALUE"""),"https://www.instagram.com/nadi_bpm/") -> https://www.instagram.com/nadi_bpm/ | M4: =IFERROR(__xludf.DUMMYFUNCTION("""COMPUTED_VALUE"""),"https://soundcloud.com/thisisnadi") -> https://soundcloud.com/thisisnadi | P4: =IFERROR(__xludf.DUMMYFUNCTION("""COMPUTED_VALUE"""),"https://www.thisisnadi.com") -> https://www.thisisnadi.com | Q4: =IFERROR(__xludf.DUMMYFUNCTION("""COMPUTED_VALUE"""),45149.0) -> 45149 | R4: =IFERROR(__xludf.DUMMYFUNCTION("""COMPUTED_VALUE"""),"Phonox Residency August 2023") -> Phonox Residency August 2023 | S4: =IFERROR(__xludf.DUMMYFUNCTION("""COMPUTED_VALUE"""),4.0) -> 4 | T4: =IFERROR(__xludf.DUMMYFUNCTION("""COMPUTED_VALUE"""),4.0) -> 4 | U4: =IFERROR(__xludf.DUMMYFUNCTION("""COMPUTED_VALUE"""),2.0) -> 2 | V4: =IFERROR(__xludf.DUMMYFUNCTION("""COMPUTED_VALUE"""),18.0) -> 18
B5: 3 | C5: =IFERROR(__xludf.DUMMYFUNCTION("""COMPUTED_VALUE"""),"yourboykiran") -> yourboykiran | D5: =IFERROR(__xludf.DUMMYFUNCTION("""COMPUTED_VALUE"""),"Kiran Kotecha") -> Kiran Kotecha | G5: =IFERROR(__xludf.DUMMYFUNCTION("""COMPUTED_VALUE"""),"London") -> London | I5: =IFERROR(__xludf.DUMMYFUNCTION("""COMPUTED_VALUE"""),"DJ") -> DJ | J5: =IFERROR(__xludf.DUMMYFUNCTION("""COMPUTED_VALUE"""),"Flips + Edits / Baile Funk / UK Funky / Breaks / UKG / 140 / Electro / 160 / Jungle") -> Flips + Edits / Baile Funk / UK Funky / Breaks / UKG / 140 / Electro / 160 / Jungle | K5: =IFERROR(__xludf.DUMMYFUNCTION("""COMPUTED_VALUE"""),"yourboykiran@gmail.com") -> yourboykiran@gmail.com | L5: =IFERROR(__xludf.DUMMYFUNCTION("""COMPUTED_VALUE"""),"https://www.instagram.com/yourboykiran/") -> https://www.instagram.com/yourboykiran/ | M5: =IFERROR(__xludf.DUMMYFUNCTION("""COMPUTED_VALUE"""),"https://soundcloud.com/yourboykiran") -> https://soundcloud.com/yourboykiran | O5: =IFERROR(__xludf.DUMMYFUNCTION("""COMPUTED_VALUE"""),"https://lnk.bio/yourboykiran") -> https://lnk.bio/yourboykiran | P5: =IFERROR(__xludf.DUMMYFUNCTION("""COMPUTED_VALUE"""),"https://soundcloud.com/yourboykiran") -> https://soundcloud.com/yourboykiran | Q5: =IFERROR(__xludf.DUMMYFUNCTION("""COMPUTED_VALUE"""),45325.0) -> 45325 | R5: =IFERROR(__xludf.DUMMYFUNCTION("""COMPUTED_VALUE"""),"DT x NDR Versus") -> DT x NDR Versus | S5: =IFERROR(__xludf.DUMMYFUNCTION("""COMPUTED_VALUE"""),1.0) -> 1 | T5: =IFERROR(__xludf.DUMMYFUNCTION("""COMPUTED_VALUE"""),4.0) -> 4 | U5: =IFERROR(__xludf.DUMMYFUNCTION("""COMPUTED_VALUE"""),2.0) -> 2 | V5: =IFERROR(__xludf.DUMMYFUNCTION("""COMPUTED_VALUE"""),15.0) -> 15
B6: 4 | C6: =IFERROR(__xludf.DUMMYFUNCTION("""COMPUTED_VALUE"""),"Mahnoor") -> Mahnoor | I6: =IFERROR(__xludf.DUMMYFUNCTION("""COMPUTED_VALUE"""),"DJ") -> DJ | Q6: =IFERROR(__xludf.DUMMYFUNCTION("""COMPUTED_VALUE"""),45415.0) -> 45415 | R6: =IFERROR(__xludf.DUMMYFUNCTION("""COMPUTED_VALUE"""),"Liberation Squares Press Night") -> Liberation Squares Press Night | S6: =IFERROR(__xludf.DUMMYFUNCTION("""COMPUTED_VALUE"""),1.0) -> 1 | T6: =IFERROR(__xludf.DUMMYFUNCTION("""COMPUTED_VALUE"""),3.0) -> 3 | U6: =IFERROR(__xludf.DUMMYFUNCTION("""COMPUTED_VALUE"""),2.0) -> 2 | V6: =IFERROR(__xludf.DUMMYFUNCTION("""COMPUTED_VALUE"""),13.0) -> 13
B7: 5 | C7: =IFERROR(__xludf.DUMMYFUNCTION("""COMPUTED_VALUE"""),"amad.png") -> amad.png | D7: =IFERROR(__xludf.DUMMYFUNCTION("""COMPUTED_VALUE"""),"amad ilyas") -> amad ilyas | I7: =IFERROR(__xludf.DUMMYFUNCTION("""COMPUTED_VALUE"""),"DJ") -> DJ | Q7: =IFERROR(__xludf.DUMMYFUNCTION("""COMPUTED_VALUE"""),44806.0) -> 44806 | R7: =IFERROR(__xludf.DUMMYFUNCTION("""COMPUTED_VALUE"""),"Field Maneuvers 2022") -> Field Maneuvers 2022 | S7: =IFERROR(__xludf.DUMMYFUNCTION("""COMPUTED_VALUE"""),3.0) -> 3 | T7: =IFERROR(__xludf.DUMMYFUNCTION("""COMPUTED_VALUE"""),3.0) -> 3 | U7: =IFERROR(__xludf.DUMMYFUNCTION("""COMPUTED_VALUE"""),1.0) -> 1 | V7: =IFERROR(__xludf.DUMMYFUNCTION("""COMPUTED_VALUE"""),12.0) -> 12
B8: 6 | C8: =IFERROR(__xludf.DUMMYFUNCTION("""COMPUTED_VALUE"""),"Riva") -> Riva | I8: =IFERROR(__xludf.DUMMYFUNCTION("""COMPUTED_VALUE"""),"DJ") -> DJ | Q8: =IFERROR(__xludf.DUMMYFUNCTION("""COMPUTED_VALUE"""),44806.0) -> 44806 | R8: =IFERROR(__xludf.DUMMYFUNCTION("""COMPUTED_VALUE"""),"Field Maneuvers 2022") -> Field Maneuvers 2022 | S8: =IFERROR(__xludf.DUMMYFUNCTION("""COMPUTED_VALUE"""),0.0) -> 0 | T8: =IFERROR(__xludf.DUMMYFUNCTION("""COMPUTED_VALUE"""),4.0) -> 4 | U8: =IFERROR(__xludf.DUMMYFUNCTION("""COMPUTED_VALUE"""),1.0) -> 1 | V8: =IFERROR(__xludf.DUMMYFUNCTION("""COMPUTED_VALUE"""),11.0) -> 11
B9: 6 | C9: =IFERROR(__xludf.DUMMYFUNCTION("""COMPUTED_VALUE"""),"Vindya") -> Vindya | I9: =IFERROR(__xludf.DUMMYFUNCTION("""COMPUTED_VALUE"""),"DJ, Live Act") -> DJ, Live Act | Q9: =IFERROR(__xludf.DUMMYFUNCTION("""COMPUTED_VALUE"""),45106.0) -> 45106 | R9: =IFERROR(__xludf.DUMMYFUNCTION("""COMPUTED_VALUE"""),"MIF") -> MIF | S9: =IFERROR(__xludf.DUMMYFUNCTION("""COMPUTED_VALUE"""),0.0) -> 0 | T9: =IFERROR(__xludf.DUMMYFUNCTION("""COMPUTED_VALUE"""),4.0) -> 4 | U9: =IFERROR(__xludf.DUMMYFUNCTION("""COMPUTED_VALUE"""),1.0) -> 1 | V9: =IFERROR(__xludf.DUMMYFUNCTION("""COMPUTED_VALUE"""),11.0) -> 11
B10: 8 | C10: =IFERROR(__xludf.DUMMYFUNCTION("""COMPUTED_VALUE"""),"Anu") -> Anu | D10: =IFERROR(__xludf.DUMMYFUNCTION("""COMPUTED_VALUE"""),"Anu") -> Anu | I10: =IFERROR(__xludf.DUMMYFUNCTION("""COMPUTED_VALUE"""),"DJ") -> DJ | Q10: =IFERROR(__xludf.DUMMYFUNCTION("""COMPUTED_VALUE"""),44953.0) -> 44953 | R10: =IFERROR(__xludf.DUMMYFUNCTION("""COMPUTED_VALUE"""),"Watch the Drop ") -> Watch the Drop | S10: =IFERROR(__xludf.DUMMYFUNCTION("""COMPUTED_VALUE"""),1.0) -> 1 | T10: =IFERROR(__xludf.DUMMYFUNCTION("""COMPUTED_VALUE"""),3.0) -> 3 | U10: =IFERROR(__xludf.DUMMYFUNCTION("""COMPUTED_VALUE"""),1.0) -> 1 | V10: =IFERROR(__xludf.DUMMYFUNCTION("""COMPUTED_VALUE"""),10.0) -> 10
B11: 9 | C11: =IFERROR(__xludf.DUMMYFUNCTION("""COMPUTED_VALUE"""),"Raji Rags") -> Raji Rags | I11: =IFERROR(__xludf.DUMMYFUNCTION("""COMPUTED_VALUE"""),"DJ") -> DJ | Q11: =IFERROR(__xludf.DUMMYFUNCTION("""COMPUTED_VALUE"""),45044.0) -> 45044 | R11: =IFERROR(__xludf.DUMMYFUNCTION("""COMPUTED_VALUE"""),"The Cause Free Party") -> The Cause Free Party | S11: =IFERROR(__xludf.DUMMYFUNCTION("""COMPUTED_VALUE"""),0.0) -> 0 | T11: =IFERROR(__xludf.DUMMYFUNCTION("""COMPUTED_VALUE"""),3.0) -> 3 | U11: =IFERROR(__xludf.DUMMYFUNCTION("""COMPUTED_VALUE"""),1.0) -> 1 | V11: =IFERROR(__xludf.DUMMYFUNCTION("""COMPUTED_VALUE"""),9.0) -> 9
B12: 9 | C12: =IFERROR(__xludf.DUMMYFUNCTION("""COMPUTED_VALUE"""),"DJ Ritu") -> DJ Ritu | I12: =IFERROR(__xludf.DUMMYFUNCTION("""COMPUTED_VALUE"""),"DJ") -> DJ | Q12: =IFERROR(__xludf.DUMMYFUNCTION("""COMPUTED_VALUE"""),45122.0) -> 45122 | R12: =IFERROR(__xludf.DUMMYFUNCTION("""COMPUTED_VALUE"""),"HKW Berlin 2023") -> HKW Berlin 2023 | S12: =IFERROR(__xludf.DUMMYFUNCTION("""COMPUTED_VALUE"""),0.0) -> 0 | T12: =IFERROR(__xludf.DUMMYFUNCTION("""COMPUTED_VALUE"""),3.0) -> 3 | U12: =IFERROR(__xludf.DUMMYFUNCTION("""COMPUTED_VALUE"""),1.0) -> 1 | V12: =IFERROR(__xludf.DUMMYFUNCTION("""COMPUTED_VALUE"""),9.0) -> 9
B13: 9 | C13: =IFERROR(__xludf.DUMMYFUNCTION("""COMPUTED_VALUE"""),"Yung Singh") -> Yung Singh | I13: =IFERROR(__xludf.DUMMYFUNCTION("""COMPUTED_VALUE"""),"DJ") -> DJ | Q13: =IFERROR(__xludf.DUMMYFUNCTION("""COMPUTED_VALUE"""),44528.0) -> 44528 | R13: =IFERROR(__xludf.DUMMYFUNCTION("""COMPUTED_VALUE"""),"Jikoni: Samosa Sisterhood") -> Jikoni: Samosa Sisterhood | S13: =IFERROR(__xludf.DUMMYFUNCTION("""COMPUTED_VALUE"""),0.0) -> 0 | T13: =IFERROR(__xludf.DUMMYFUNCTION("""COMPUTED_VALUE"""),3.0) -> 3 | U13: =IFERROR(__xludf.DUMMYFUNCTION("""COMPUTED_VALUE"""),1.0) -> 1 | V13: =IFERROR(__xludf.DUMMYFUNCTION("""COMPUTED_VALUE"""),9.0) -> 9
B14: 12 | C14: =IFERROR(__xludf.DUMMYFUNCTION("""COMPUTED_VALUE"""),"Arthi") -> Arthi | D14: =IFERROR(__xludf.DUMMYFUNCTION("""COMPUTED_VALUE"""),"Arthi") -> Arthi | I14: =IFERROR(__xludf.DUMMYFUNCTION("""COMPUTED_VALUE"""),"DJ, Live Act") -> DJ, Live Act | Q14: =IFERROR(__xludf.DUMMYFUNCTION("""COMPUTED_VALUE"""),45072.0) -> 45072 | R14: =IFERROR(__xludf.DUMMYFUNCTION("""COMPUTED_VALUE"""),"Jazz Cafe ") -> Jazz Cafe | S14: =IFERROR(__xludf.DUMMYFUNCTION("""COMPUTED_VALUE"""),0.0) -> 0 | T14: =IFERROR(__xludf.DUMMYFUNCTION("""COMPUTED_VALUE"""),1.0) -> 1 | U14: =IFERROR(__xludf.DUMMYFUNCTION("""COMPUTED_VALUE"""),2.0) -> 2 | V14: =IFERROR(__xludf.DUMMYFUNCTION("""COMPUTED_VALUE"""),8.0) -> 8
B15: 12 | C15: =IFERROR(__xludf.DUMMYFUNCTION("""COMPUTED_VALUE"""),"Jameela") -> Jameela | I15: =IFERROR(__xludf.DUMMYFUNCTION("""COMPUTED_VALUE"""),"DJ") -> DJ | Q15: =IFERROR(__xludf.DUMMYFUNCTION("""COMPUTED_VALUE"""),45248.0) -> 45248 | R15: =IFERROR(__xludf.DUMMYFUNCTION("""COMPUTED_VALUE"""),"Warehouse Project 2023") -> Warehouse Project 2023 | S15: =IFERROR(__xludf.DUMMYFUNCTION("""COMPUTED_VALUE"""),0.0) -> 0 | T15: =IFERROR(__xludf.DUMMYFUNCTION("""COMPUTED_VALUE"""),1.0) -> 1 | U15: =IFERROR(__xludf.DUMMYFUNCTION("""COMPUTED_VALUE"""),2.0) -> 2 | V15: =IFERROR(__xludf.DUMMYFUNCTION("""COMPUTED_VALUE"""),8.0) -> 8
B16: 12 | C16: =IFERROR(__xludf.DUMMYFUNCTION("""COMPUTED_VALUE"""),"Khadura (fka Rizmi)") -> Khadura (fka Rizmi) | D16: =IFERROR(__xludf.DUMMYFUNCTION("""COMPUTED_VALUE"""),"Zoya") -> Zoya | G16: =IFERROR(__xludf.DUMMYFUNCTION("""COMPUTED_VALUE"""),"Birmingham") -> Birmingham | I16: =IFERROR(__xludf.DUMMYFUNCTION("""COMPUTED_VALUE"""),"DJ") -> DJ | K16: =IFERROR(__xludf.DUMMYFUNCTION("""COMPUTED_VALUE"""),"zoya.ahmed@live.co.uk") -> zoya.ahmed@live.co.uk | L16: =IFERROR(__xludf.DUMMYFUNCTION("""COMPUTED_VALUE"""),"https://www.instagram.com/khadura.sound?igsh=NGtmYXowbWYwZHp3") -> https://www.instagram.com/khadura.sound?igsh=NGtmYXowbWYwZHp3 | M16: =IFERROR(__xludf.DUMMYFUNCTION("""COMPUTED_VALUE"""),"https://soundcloud.com/khadura?utm_source=mobi&utm_campaign=social_sharing") -> https://soundcloud.com/khadura?utm_source=mobi&utm_campaign=social_sharing | Q16: =IFERROR(__xludf.DUMMYFUNCTION("""COMPUTED_VALUE"""),46107.0) -> 46107 | R16: =IFERROR(__xludf.DUMMYFUNCTION("""COMPUTED_VALUE"""),"BFI At Yours: Mogul Mowgli") -> BFI At Yours: Mogul Mowgli | S16: =IFERROR(__xludf.DUMMYFUNCTION("""COMPUTED_VALUE"""),2.0) -> 2 | T16: =IFERROR(__xludf.DUMMYFUNCTION("""COMPUTED_VALUE"""),0.0) -> 0 | U16: =IFERROR(__xludf.DUMMYFUNCTION("""COMPUTED_VALUE"""),2.0) -> 2 | V16: =IFERROR(__xludf.DUMMYFUNCTION("""COMPUTED_VALUE"""),8.0) -> 8
B17: 12 | C17: =IFERROR(__xludf.DUMMYFUNCTION("""COMPUTED_VALUE"""),"Shivum Sharma") -> Shivum Sharma | D17: =IFERROR(__xludf.DUMMYFUNCTION("""COMPUTED_VALUE"""),"Shivum Sharma") -> Shivum Sharma | I17: =IFERROR(__xludf.DUMMYFUNCTION("""COMPUTED_VALUE"""),"DJ, Live Act") -> DJ, Live Act | Q17: =IFERROR(__xludf.DUMMYFUNCTION("""COMPUTED_VALUE"""),44806.0) -> 44806 | R17: =IFERROR(__xludf.DUMMYFUNCTION("""COMPUTED_VALUE"""),"Field Maneuvers 2022") -> Field Maneuvers 2022 | S17: =IFERROR(__xludf.DUMMYFUNCTION("""COMPUTED_VALUE"""),0.0) -> 0 | T17: =IFERROR(__xludf.DUMMYFUNCTION("""COMPUTED_VALUE"""),4.0) -> 4 | U17: =IFERROR(__xludf.DUMMYFUNCTION("""COMPUTED_VALUE"""),0.0) -> 0 | V17: =IFERROR(__xludf.DUMMYFUNCTION("""COMPUTED_VALUE"""),8.0) -> 8
B18: 12 | C18: =IFERROR(__xludf.DUMMYFUNCTION("""COMPUTED_VALUE"""),"Thempress") -> Thempress | G18: =IFERROR(__xludf.DUMMYFUNCTION("""COMPUTED_VALUE"""),"London") -> London | I18: =IFERROR(__xludf.DUMMYFUNCTION("""COMPUTED_VALUE"""),"DJ") -> DJ | K18: =IFERROR(__xludf.DUMMYFUNCTION("""COMPUTED_VALUE"""),"N/A") -> N/A | Q18: =IFERROR(__xludf.DUMMYFUNCTION("""COMPUTED_VALUE"""),45120.0) -> 45120 | R18: =IFERROR(__xludf.DUMMYFUNCTION("""COMPUTED_VALUE"""),"Dour Fest") -> Dour Fest | S18: =IFERROR(__xludf.DUMMYFUNCTION("""COMPUTED_VALUE"""),0.0) -> 0 | T18: =IFERROR(__xludf.DUMMYFUNCTION("""COMPUTED_VALUE"""),1.0) -> 1 | U18: =IFERROR(__xludf.DUMMYFUNCTION("""COMPUTED_VALUE"""),2.0) -> 2 | V18: =IFERROR(__xludf.DUMMYFUNCTION("""COMPUTED_VALUE"""),8.0) -> 8
B19: 17 | C19: =IFERROR(__xludf.DUMMYFUNCTION("""COMPUTED_VALUE"""),"D-Lish") -> D-Lish | D19: =IFERROR(__xludf.DUMMYFUNCTION("""COMPUTED_VALUE"""),"Alisha Shah") -> Alisha Shah | I19: =IFERROR(__xludf.DUMMYFUNCTION("""COMPUTED_VALUE"""),"DJ") -> DJ | Q19: =IFERROR(__xludf.DUMMYFUNCTION("""COMPUTED_VALUE"""),45325.0) -> 45325 | R19: =IFERROR(__xludf.DUMMYFUNCTION("""COMPUTED_VALUE"""),"DT X NDR Versus") -> DT X NDR Versus | S19: =IFERROR(__xludf.DUMMYFUNCTION("""COMPUTED_VALUE"""),2.0) -> 2 | T19: =IFERROR(__xludf.DUMMYFUNCTION("""COMPUTED_VALUE"""),1.0) -> 1 | U19: =IFERROR(__xludf.DUMMYFUNCTION("""COMPUTED_VALUE"""),1.0) -> 1 | V19: =IFERROR(__xludf.DUMMYFUNCTION("""COMPUTED_VALUE"""),7.0) -> 7
B20: 17 | C20: =IFERROR(__xludf.DUMMYFUNCTION("""COMPUTED_VALUE"""),"Jhumka") -> Jhumka | I20: =IFERROR(__xludf.DUMMYFUNCTION("""COMPUTED_VALUE"""),"DJ") -> DJ | Q20: =IFERROR(__xludf.DUMMYFUNCTION("""COMPUTED_VALUE"""),45164.0) -> 45164 | R20: =IFERROR(__xludf.DUMMYFUNCTION("""COMPUTED_VALUE"""),"Lost Village Festival 2023") -> Lost Village Festival 2023 | S20: =IFERROR(__xludf.DUMMYFUNCTION("""COMPUTED_VALUE"""),0.0) -> 0 | T20: =IFERROR(__xludf.DUMMYFUNCTION("""COMPUTED_VALUE"""),2.0) -> 2 | U20: =IFERROR(__xludf.DUMMYFUNCTION("""COMPUTED_VALUE"""),1.0) -> 1 | V20: =IFERROR(__xludf.DUMMYFUNCTION("""COMPUTED_VALUE"""),7.0) -> 7
B21: 17 | C21: =IFERROR(__xludf.DUMMYFUNCTION("""COMPUTED_VALUE"""),"Aisha Mirza") -> Aisha Mirza | I21: =IFERROR(__xludf.DUMMYFUNCTION("""COMPUTED_VALUE"""),"DJ") -> DJ | Q21: =IFERROR(__xludf.DUMMYFUNCTION("""COMPUTED_VALUE"""),44972.0) -> 44972 | R21: =IFERROR(__xludf.DUMMYFUNCTION("""COMPUTED_VALUE"""),"HOR") -> HOR | S21: =IFERROR(__xludf.DUMMYFUNCTION("""COMPUTED_VALUE"""),1.0) -> 1 | T21: =IFERROR(__xludf.DUMMYFUNCTION("""COMPUTED_VALUE"""),0.0) -> 0 | U21: =IFERROR(__xludf.DUMMYFUNCTION("""COMPUTED_VALUE"""),2.0) -> 2 | V21: =IFERROR(__xludf.DUMMYFUNCTION("""COMPUTED_VALUE"""),7.0) -> 7
B22: 20 | C22: =IFERROR(__xludf.DUMMYFUNCTION("""COMPUTED_VALUE"""),"Suchi") -> Suchi | I22: =IFERROR(__xludf.DUMMYFUNCTION("""COMPUTED_VALUE"""),"DJ") -> DJ | Q22: =IFERROR(__xludf.DUMMYFUNCTION("""COMPUTED_VALUE"""),45098.0) -> 45098 | R22: =IFERROR(__xludf.DUMMYFUNCTION("""COMPUTED_VALUE"""),"Glasto 2023") -> Glasto 2023 | S22: =IFERROR(__xludf.DUMMYFUNCTION("""COMPUTED_VALUE"""),0.0) -> 0 | T22: =IFERROR(__xludf.DUMMYFUNCTION("""COMPUTED_VALUE"""),0.0) -> 0 | U22: =IFERROR(__xludf.DUMMYFUNCTION("""COMPUTED_VALUE"""),2.0) -> 2 | V22: =IFERROR(__xludf.DUMMYFUNCTION("""COMPUTED_VALUE"""),6.0) -> 6
B23: 20 | C23: =IFERROR(__xludf.DUMMYFUNCTION("""COMPUTED_VALUE"""),"Manara") -> Manara | I23: =IFERROR(__xludf.DUMMYFUNCTION("""COMPUTED_VALUE"""),"DJ") -> DJ | Q23: =IFERROR(__xludf.DUMMYFUNCTION("""COMPUTED_VALUE"""),44744.0) -> 44744 | R23: =IFERROR(__xludf.DUMMYFUNCTION("""COMPUTED_VALUE"""),"Daytimers x Middle Of Nowhere") -> Daytimers x Middle Of Nowhere | S23: =IFERROR(__xludf.DUMMYFUNCTION("""COMPUTED_VALUE"""),0.0) -> 0 | T23: =IFERROR(__xludf.DUMMYFUNCTION("""COMPUTED_VALUE"""),0.0) -> 0 | U23: =IFERROR(__xludf.DUMMYFUNCTION("""COMPUTED_VALUE"""),2.0) -> 2 | V23: =IFERROR(__xludf.DUMMYFUNCTION("""COMPUTED_VALUE"""),6.0) -> 6
B24: 20 | C24: =IFERROR(__xludf.DUMMYFUNCTION("""COMPUTED_VALUE"""),"DJ Rani") -> DJ Rani | I24: =IFERROR(__xludf.DUMMYFUNCTION("""COMPUTED_VALUE"""),"DJ") -> DJ | Q24: =IFERROR(__xludf.DUMMYFUNCTION("""COMPUTED_VALUE"""),44786.0) -> 44786 | R24: =IFERROR(__xludf.DUMMYFUNCTION("""COMPUTED_VALUE"""),"Boomtown: Street Stage Takeover") -> Boomtown: Street Stage Takeover | S24: =IFERROR(__xludf.DUMMYFUNCTION("""COMPUTED_VALUE"""),0.0) -> 0 | T24: =IFERROR(__xludf.DUMMYFUNCTION("""COMPUTED_VALUE"""),0.0) -> 0 | U24: =IFERROR(__xludf.DUMMYFUNCTION("""COMPUTED_VALUE"""),2.0) -> 2 | V24: =IFERROR(__xludf.DUMMYFUNCTION("""COMPUTED_VALUE"""),6.0) -> 6
B25: 20 | C25: =IFERROR(__xludf.DUMMYFUNCTION("""COMPUTED_VALUE"""),"SHIR.IN") -> SHIR.IN | I25: =IFERROR(__xludf.DUMMYFUNCTION("""COMPUTED_VALUE"""),"DJ") -> DJ | Q25: =IFERROR(__xludf.DUMMYFUNCTION("""COMPUTED_VALUE"""),45395.0) -> 45395 | R25: =IFERROR(__xludf.DUMMYFUNCTION("""COMPUTED_VALUE"""),"DAYTIMERS BERLIN") -> DAYTIMERS BERLIN | S25: =IFERROR(__xludf.DUMMYFUNCTION("""COMPUTED_VALUE"""),1.0) -> 1 | T25: =IFERROR(__xludf.DUMMYFUNCTION("""COMPUTED_VALUE"""),1.0) -> 1 | U25: =IFERROR(__xludf.DUMMYFUNCTION("""COMPUTED_VALUE"""),1.0) -> 1 | V25: =IFERROR(__xludf.DUMMYFUNCTION("""COMPUTED_VALUE"""),6.0) -> 6
B26: 20 | C26: =IFERROR(__xludf.DUMMYFUNCTION("""COMPUTED_VALUE"""),"Surusinghe") -> Surusinghe | I26: =IFERROR(__xludf.DUMMYFUNCTION("""COMPUTED_VALUE"""),"DJ") -> DJ | Q26: =IFERROR(__xludf.DUMMYFUNCTION("""COMPUTED_VALUE"""),45098.0) -> 45098 | R26: =IFERROR(__xludf.DUMMYFUNCTION("""COMPUTED_VALUE"""),"Glasto 2023") -> Glasto 2023 | S26: =IFERROR(__xludf.DUMMYFUNCTION("""COMPUTED_VALUE"""),0.0) -> 0 | T26: =IFERROR(__xludf.DUMMYFUNCTION("""COMPUTED_VALUE"""),0.0) -> 0 | U26: =IFERROR(__xludf.DUMMYFUNCTION("""COMPUTED_VALUE"""),2.0) -> 2 | V26: =IFERROR(__xludf.DUMMYFUNCTION("""COMPUTED_VALUE"""),6.0) -> 6
B27: 20 | C27: =IFERROR(__xludf.DUMMYFUNCTION("""COMPUTED_VALUE"""),"Zaleel") -> Zaleel | I27: =IFERROR(__xludf.DUMMYFUNCTION("""COMPUTED_VALUE"""),"DJ") -> DJ | Q27: =IFERROR(__xludf.DUMMYFUNCTION("""COMPUTED_VALUE"""),45262.0) -> 45262 | R27: =IFERROR(__xludf.DUMMYFUNCTION("""COMPUTED_VALUE"""),"Earth Hackney Dec 2023") -> Earth Hackney Dec 2023 | S27: =IFERROR(__xludf.DUMMYFUNCTION("""COMPUTED_VALUE"""),0.0) -> 0 | T27: =IFERROR(__xludf.DUMMYFUNCTION("""COMPUTED_VALUE"""),3.0) -> 3 | U27: =IFERROR(__xludf.DUMMYFUNCTION("""COMPUTED_VALUE"""),0.0) -> 0 | V27: =IFERROR(__xludf.DUMMYFUNCTION("""COMPUTED_VALUE"""),6.0) -> 6
A30: Most Recently Booked | B30: Top: | C30: 25
B31: Rank | C31: Artist name | D31: Preferred Name | E31: Preferred Pronouns | F31: Heritage | G31: Location | H31: Outside of UK (If applicable) | I31: Type of Act | J31: Genre | K31: Contact Details | L31: Instagram | M31: Soundcloud | N31: TikTok | O31: Any other social media | P31: Link to Previous Work | Q31: Most Recent Date Booked | R31: Event Name | S31: Small Gigs booked for | T31: Medium Gigs booked for | U31: Large Gigs booked for | V31: Gig Score (S =1, M =2 , L=3)
B32: {=iferror(rank(V32:V56, V32:V56, False), "")} -> 3 | C32: =IFERROR(__xludf.DUMMYFUNCTION("SORTN('Roster Info'!B44:U1000, C30, false, 'Roster Info'!P44:P1000, false)"),"Khadura (fka Rizmi)") -> Khadura (fka Rizmi) | D32: =IFERROR(__xludf.DUMMYFUNCTION("""COMPUTED_VALUE"""),"Zoya") -> Zoya | G32: =IFERROR(__xludf.DUMMYFUNCTION("""COMPUTED_VALUE"""),"Birmingham") -> Birmingham | I32: =IFERROR(__xludf.DUMMYFUNCTION("""COMPUTED_VALUE"""),"DJ") -> DJ | K32: =IFERROR(__xludf.DUMMYFUNCTION("""COMPUTED_VALUE"""),"zoya.ahmed@live.co.uk") -> zoya.ahmed@live.co.uk | L32: =IFERROR(__xludf.DUMMYFUNCTION("""COMPUTED_VALUE"""),"https://www.instagram.com/khadura.sound?igsh=NGtmYXowbWYwZHp3") -> https://www.instagram.com/khadura.sound?igsh=NGtmYXowbWYwZHp3 | M32: =IFERROR(__xludf.DUMMYFUNCTION("""COMPUTED_VALUE"""),"https://soundcloud.com/khadura?utm_source=mobi&utm_campaign=social_sharing") -> https://soundcloud.com/khadura?utm_source=mobi&utm_campaign=social_sharing | Q32: =IFERROR(__xludf.DUMMYFUNCTION("""COMPUTED_VALUE"""),46107.0) -> 46107 | R32: =IFERROR(__xludf.DUMMYFUNCTION("""COMPUTED_VALUE"""),"BFI At Yours: Mogul Mowgli") -> BFI At Yours: Mogul Mowgli | S32: =IFERROR(__xludf.DUMMYFUNCTION("""COMPUTED_VALUE"""),2.0) -> 2 | T32: =IFERROR(__xludf.DUMMYFUNCTION("""COMPUTED_VALUE"""),0.0) -> 0 | U32: =IFERROR(__xludf.DUMMYFUNCTION("""COMPUTED_VALUE"""),2.0) -> 2 | V32: =IFERROR(__xludf.DUMMYFUNCTION("""COMPUTED_VALUE"""),8.0) -> 8
B33: 7 | C33: =IFERROR(__xludf.DUMMYFUNCTION("""COMPUTED_VALUE"""),"Shifa Ligero") -> Shifa Ligero | G33: =IFERROR(__xludf.DUMMYFUNCTION("""COMPUTED_VALUE"""),"London") -> London | I33: =IFERROR(__xludf.DUMMYFUNCTION("""COMPUTED_VALUE"""),"DJ") -> DJ | J33: =IFERROR(__xludf.DUMMYFUNCTION("""COMPUTED_VALUE"""),"Dance, Amapiano, Jersey Club, Balie Funk, Rap, Edits") -> Dance, Amapiano, Jersey Club, Balie Funk, Rap, Edits | K33: =IFERROR(__xludf.DUMMYFUNCTION("""COMPUTED_VALUE"""),"shifaligero@gmail.com") -> shifaligero@gmail.com | L33: =IFERROR(__xludf.DUMMYFUNCTION("""COMPUTED_VALUE"""),"https://www.instagram.com/shifaligero/") -> https://www.instagram.com/shifaligero/ | M33: =IFERROR(__xludf.DUMMYFUNCTION("""COMPUTED_VALUE"""),"https://soundcloud.com/shifaligero") -> https://soundcloud.com/shifaligero | N33: =IFERROR(__xludf.DUMMYFUNCTION("""COMPUTED_VALUE"""),"https://www.tiktok.com/@shifaligero") -> https://www.tiktok.com/@shifaligero | Q33: =IFERROR(__xludf.DUMMYFUNCTION("""COMPUTED_VALUE"""),45630.0) -> 45630 | R33: =IFERROR(__xludf.DUMMYFUNCTION("""COMPUTED_VALUE"""),"Jazz Cafe ") -> Jazz Cafe | S33: =IFERROR(__xludf.DUMMYFUNCTION("""COMPUTED_VALUE"""),0.0) -> 0 | T33: =IFERROR(__xludf.DUMMYFUNCTION("""COMPUTED_VALUE"""),2.0) -> 2 | U33: =IFERROR(__xludf.DUMMYFUNCTION("""COMPUTED_VALUE"""),0.0) -> 0 | V33: =IFERROR(__xludf.DUMMYFUNCTION("""COMPUTED_VALUE"""),4.0) -> 4
B34: 12 | C34: =IFERROR(__xludf.DUMMYFUNCTION("""COMPUTED_VALUE"""),"Adnan.Afghani") -> Adnan.Afghani | D34: =IFERROR(__xludf.DUMMYFUNCTION("""COMPUTED_VALUE"""),"Adnan") -> Adnan | G34: =IFERROR(__xludf.DUMMYFUNCTION("""COMPUTED_VALUE"""),"London") -> London | I34: =IFERROR(__xludf.DUMMYFUNCTION("""COMPUTED_VALUE"""),"DJ") -> DJ | J34: =IFERROR(__xludf.DUMMYFUNCTION("""COMPUTED_VALUE"""),"""140/160 (techno/breaks/idm/dubstep) +experimental""") -> "140/160 (techno/breaks/idm/dubstep) +experimental" | K34: =IFERROR(__xludf.DUMMYFUNCTION("""COMPUTED_VALUE"""),"-") -> - | M34: =IFERROR(__xludf.DUMMYFUNCTION("""COMPUTED_VALUE"""),"https://soundcloud.com/daytimers_uk/adnan-afghani-disoriented-rhythms") -> https://soundcloud.com/daytimers_uk/adnan-afghani-disoriented-rhythms | P34: =IFERROR(__xludf.DUMMYFUNCTION("""COMPUTED_VALUE"""),"https://linktr.ee/adnan1198?fbclid=IwAR1RFFnK-rK7SohrsOqfXMyTqflU4LM_MhHgXmHq3o3qZ4QmW9sHmiT9kKk") -> https://linktr.ee/adnan1198?fbclid=IwAR1RFFnK-rK7SohrsOqfXMyTqflU4LM_MhHgXmHq3o3qZ4QmW9sHmiT9kKk | Q34: =IFERROR(__xludf.DUMMYFUNCTION("""COMPUTED_VALUE"""),45458.0) -> 45458 | R34: =IFERROR(__xludf.DUMMYFUNCTION("""COMPUTED_VALUE"""),"DAYTIMERS Festival") -> DAYTIMERS Festival | S34: =IFERROR(__xludf.DUMMYFUNCTION("""COMPUTED_VALUE"""),1.0) -> 1 | T34: =IFERROR(__xludf.DUMMYFUNCTION("""COMPUTED_VALUE"""),1.0) -> 1 | U34: =IFERROR(__xludf.DUMMYFUNCTION("""COMPUTED_VALUE"""),0.0) -> 0 | V34: =IFERROR(__xludf.DUMMYFUNCTION("""COMPUTED_VALUE"""),3.0) -> 3
B35: 14 | C35: =IFERROR(__xludf.DUMMYFUNCTION("""COMPUTED_VALUE"""),"Jawari") -> Jawari | D35: =IFERROR(__xludf.DUMMYFUNCTION("""COMPUTED_VALUE"""),"Jawari") -> Jawari | E35: =IFERROR(__xludf.DUMMYFUNCTION("""COMPUTED_VALUE"""),"they/them") -> they/them | F35: =IFERROR(__xludf.DUMMYFUNCTION("""COMPUTED_VALUE"""),"mixed") -> mixed | G35: =IFERROR(__xludf.DUMMYFUNCTION("""COMPUTED_VALUE"""),"London") -> London | I35: =IFERROR(__xludf.DUMMYFUNCTION("""COMPUTED_VALUE"""),"Live Act") -> Live Act | J35: =IFERROR(__xludf.DUMMYFUNCTION("""COMPUTED_VALUE"""),"Indo-Jazz") -> Indo-Jazz | K35: =IFERROR(__xludf.DUMMYFUNCTION("""COMPUTED_VALUE"""),"jawariband@gmail.com") -> jawariband@gmail.com | L35: =IFERROR(__xludf.DUMMYFUNCTION("""COMPUTED_VALUE"""),"https://www.instagram.com/jawariband/") -> https://www.instagram.com/jawariband/ | P35: =IFERROR(__xludf.DUMMYFUNCTION("""COMPUTED_VALUE"""),"https://open.spotify.com/artist/4dMY9QGjc6JqLcLvnzNWKH") -> https://open.spotify.com/artist/4dMY9QGjc6JqLcLvnzNWKH | Q35: =IFERROR(__xludf.DUMMYFUNCTION("""COMPUTED_VALUE"""),45458.0) -> 45458 | R35: =IFERROR(__xludf.DUMMYFUNCTION("""COMPUTED_VALUE"""),"DAYTIMERS Festival") -> DAYTIMERS Festival | S35: =IFERROR(__xludf.DUMMYFUNCTION("""COMPUTED_VALUE"""),0.0) -> 0 | T35: =IFERROR(__xludf.DUMMYFUNCTION("""COMPUTED_VALUE"""),1.0) -> 1 | U35: =IFERROR(__xludf.DUMMYFUNCTION("""COMPUTED_VALUE"""),0.0) -> 0 | V35: =IFERROR(__xludf.DUMMYFUNCTION("""COMPUTED_VALUE"""),2.0) -> 2
B36: 7 | C36: =IFERROR(__xludf.DUMMYFUNCTION("""COMPUTED_VALUE"""),"Sarith") -> Sarith | G36: =IFERROR(__xludf.DUMMYFUNCTION("""COMPUTED_VALUE"""),"London") -> London | I36: =IFERROR(__xludf.DUMMYFUNCTION("""COMPUTED_VALUE"""),"DJ") -> DJ | Q36: =IFERROR(__xludf.DUMMYFUNCTION("""COMPUTED_VALUE"""),45457.0) -> 45457 | R36: =IFERROR(__xludf.DUMMYFUNCTION("""COMPUTED_VALUE"""),"This Is Fine' by Poorna Bell") -> This Is Fine' by Poorna Bell | S36: =IFERROR(__xludf.DUMMYFUNCTION("""COMPUTED_VALUE"""),2.0) -> 2 | T36: =IFERROR(__xludf.DUMMYFUNCTION("""COMPUTED_VALUE"""),1.0) -> 1 | U36: =IFERROR(__xludf.DUMMYFUNCTION("""COMPUTED_VALUE"""),0.0) -> 0 | V36: =IFERROR(__xludf.DUMMYFUNCTION("""COMPUTED_VALUE"""),4.0) -> 4
B37: 2 | C37: =IFERROR(__xludf.DUMMYFUNCTION("""COMPUTED_VALUE"""),"Mahnoor") -> Mahnoor | I37: =IFERROR(__xludf.DUMMYFUNCTION("""COMPUTED_VALUE"""),"DJ") -> DJ | Q37: =IFERROR(__xludf.DUMMYFUNCTION("""COMPUTED_VALUE"""),45415.0) -> 45415 | R37: =IFERROR(__xludf.DUMMYFUNCTION("""COMPUTED_VALUE"""),"Liberation Squares Press Night") -> Liberation Squares Press Night | S37: =IFERROR(__xludf.DUMMYFUNCTION("""COMPUTED_VALUE"""),1.0) -> 1 | T37: =IFERROR(__xludf.DUMMYFUNCTION("""COMPUTED_VALUE"""),3.0) -> 3 | U37: =IFERROR(__xludf.DUMMYFUNCTION("""COMPUTED_VALUE"""),2.0) -> 2 | V37: =IFERROR(__xludf.DUMMYFUNCTION("""COMPUTED_VALUE"""),13.0) -> 13
B38: 7 | C38: =IFERROR(__xludf.DUMMYFUNCTION("""COMPUTED_VALUE"""),"Kirat") -> Kirat | G38: =IFERROR(__xludf.DUMMYFUNCTION("""COMPUTED_VALUE"""),"London") -> London | I38: =IFERROR(__xludf.DUMMYFUNCTION("""COMPUTED_VALUE"""),"DJ") -> DJ | K38: =IFERROR(__xludf.DUMMYFUNCTION("""COMPUTED_VALUE"""),"N/A") -> N/A | Q38: =IFERROR(__xludf.DUMMYFUNCTION("""COMPUTED_VALUE"""),45401.0) -> 45401 | R38: =IFERROR(__xludf.DUMMYFUNCTION("""COMPUTED_VALUE"""),"Jazz Cafe") -> Jazz Cafe | S38: =IFERROR(__xludf.DUMMYFUNCTION("""COMPUTED_VALUE"""),0.0) -> 0 | T38: =IFERROR(__xludf.DUMMYFUNCTION("""COMPUTED_VALUE"""),2.0) -> 2 | U38: =IFERROR(__xludf.DUMMYFUNCTION("""COMPUTED_VALUE"""),0.0) -> 0 | V38: =IFERROR(__xludf.DUMMYFUNCTION("""COMPUTED_VALUE"""),4.0) -> 4
B39: 12 | C39: =IFERROR(__xludf.DUMMYFUNCTION("""COMPUTED_VALUE"""),"Panjabi Hit Squad") -> Panjabi Hit Squad | G39: =IFERROR(__xludf.DUMMYFUNCTION("""COMPUTED_VALUE"""),"London") -> London | I39: =IFERROR(__xludf.DUMMYFUNCTION("""COMPUTED_VALUE"""),"DJ") -> DJ | J39: =IFERROR(__xludf.DUMMYFUNCTION("""COMPUTED_VALUE"""),"Garage") -> Garage | Q39: =IFERROR(__xludf.DUMMYFUNCTION("""COMPUTED_VALUE"""),45401.0) -> 45401 | R39: =IFERROR(__xludf.DUMMYFUNCTION("""COMPUTED_VALUE"""),"Jazz Cafe") -> Jazz Cafe | S39: =IFERROR(__xludf.DUMMYFUNCTION("""COMPUTED_VALUE"""),1.0) -> 1 | T39: =IFERROR(__xludf.DUMMYFUNCTION("""COMPUTED_VALUE"""),1.0) -> 1 | U39: =IFERROR(__xludf.DUMMYFUNCTION("""COMPUTED_VALUE"""),0.0) -> 0 | V39: =IFERROR(__xludf.DUMMYFUNCTION("""COMPUTED_VALUE"""),3.0) -> 3
B40: 7 | C40: =IFERROR(__xludf.DUMMYFUNCTION("""COMPUTED_VALUE"""),"Arnav") -> Arnav | D40: =IFERROR(__xludf.DUMMYFUNCTION("""COMPUTED_VALUE"""),"Arnav") -> Arnav | I40: =IFERROR(__xludf.DUMMYFUNCTION("""COMPUTED_VALUE"""),"DJ") -> DJ | Q40: =IFERROR(__xludf.DUMMYFUNCTION("""COMPUTED_VALUE"""),45395.0) -> 45395 | R40: =IFERROR(__xludf.DUMMYFUNCTION("""COMPUTED_VALUE"""),"DAYTIMERS BERLIN") -> DAYTIMERS BERLIN | S40: =IFERROR(__xludf.DUMMYFUNCTION("""COMPUTED_VALUE"""),0.0) -> 0 | T40: =IFERROR(__xludf.DUMMYFUNCTION("""COMPUTED_VALUE"""),2.0) -> 2 | U40: =IFERROR(__xludf.DUMMYFUNCTION("""COMPUTED_VALUE"""),0.0) -> 0 | V40: =IFERROR(__xludf.DUMMYFUNCTION("""COMPUTED_VALUE"""),4.0) -> 4
B41: 5 | C41: =IFERROR(__xludf.DUMMYFUNCTION("""COMPUTED_VALUE"""),"SHIR.IN") -> SHIR.IN | I41: =IFERROR(__xludf.DUMMYFUNCTION("""COMPUTED_VALUE"""),"DJ") -> DJ | Q41: =IFERROR(__xludf.DUMMYFUNCTION("""COMPUTED_VALUE"""),45395.0) -> 45395 | R41: =IFERROR(__xludf.DUMMYFUNCTION("""COMPUTED_VALUE"""),"DAYTIMERS BERLIN") -> DAYTIMERS BERLIN | S41: =IFERROR(__xludf.DUMMYFUNCTION("""COMPUTED_VALUE"""),1.0) -> 1 | T41: =IFERROR(__xludf.DUMMYFUNCTION("""COMPUTED_VALUE"""),1.0) -> 1 | U41: =IFERROR(__xludf.DUMMYFUNCTION("""COMPUTED_VALUE"""),1.0) -> 1 | V41: =IFERROR(__xludf.DUMMYFUNCTION("""COMPUTED_VALUE"""),6.0) -> 6
B42: 14 | C42: =IFERROR(__xludf.DUMMYFUNCTION("""COMPUTED_VALUE"""),"Imad") -> Imad | Q42: =IFERROR(__xludf.DUMMYFUNCTION("""COMPUTED_VALUE"""),45395.0) -> 45395 | R42: =IFERROR(__xludf.DUMMYFUNCTION("""COMPUTED_VALUE"""),"DAYTIMERS BERLIN") -> DAYTIMERS BERLIN | S42: =IFERROR(__xludf.DUMMYFUNCTION("""COMPUTED_VALUE"""),0.0) -> 0 | T42: =IFERROR(__xludf.DUMMYFUNCTION("""COMPUTED_VALUE"""),1.0) -> 1 | U42: =IFERROR(__xludf.DUMMYFUNCTION("""COMPUTED_VALUE"""),0.0) -> 0 | V42: =IFERROR(__xludf.DUMMYFUNCTION("""COMPUTED_VALUE"""),2.0) -> 2
B43: 14 | C43: =IFERROR(__xludf.DUMMYFUNCTION("""COMPUTED_VALUE"""),"Abibi") -> Abibi | Q43: =IFERROR(__xludf.DUMMYFUNCTION("""COMPUTED_VALUE"""),45395.0) -> 45395 | R43: =IFERROR(__xludf.DUMMYFUNCTION("""COMPUTED_VALUE"""),"DAYTIMERS BERLIN") -> DAYTIMERS BERLIN | S43: =IFERROR(__xludf.DUMMYFUNCTION("""COMPUTED_VALUE"""),0.0) -> 0 | T43: =IFERROR(__xludf.DUMMYFUNCTION("""COMPUTED_VALUE"""),1.0) -> 1 | U43: =IFERROR(__xludf.DUMMYFUNCTION("""COMPUTED_VALUE"""),0.0) -> 0 | V43: =IFERROR(__xludf.DUMMYFUNCTION("""COMPUTED_VALUE"""),2.0) -> 2
B44: 14 | C44: =IFERROR(__xludf.DUMMYFUNCTION("""COMPUTED_VALUE"""),"Yung Fya") -> Yung Fya | Q44: =IFERROR(__xludf.DUMMYFUNCTION("""COMPUTED_VALUE"""),45395.0) -> 45395 | R44: =IFERROR(__xludf.DUMMYFUNCTION("""COMPUTED_VALUE"""),"DAYTIMERS BERLIN") -> DAYTIMERS BERLIN | S44: =IFERROR(__xludf.DUMMYFUNCTION("""COMPUTED_VALUE"""),0.0) -> 0 | T44: =IFERROR(__xludf.DUMMYFUNCTION("""COMPUTED_VALUE"""),1.0) -> 1 | U44: =IFERROR(__xludf.DUMMYFUNCTION("""COMPUTED_VALUE"""),0.0) -> 0 | V44: =IFERROR(__xludf.DUMMYFUNCTION("""COMPUTED_VALUE"""),2.0) -> 2
B45: 1 | C45: =IFERROR(__xludf.DUMMYFUNCTION("""COMPUTED_VALUE"""),"yourboykiran") -> yourboykiran | D45: =IFERROR(__xludf.DUMMYFUNCTION("""COMPUTED_VALUE"""),"Kiran Kotecha") -> Kiran Kotecha | G45: =IFERROR(__xludf.DUMMYFUNCTION("""COMPUTED_VALUE"""),"London") -> London | I45: =IFERROR(__xludf.DUMMYFUNCTION("""COMPUTED_VALUE"""),"DJ") -> DJ | J45: =IFERROR(__xludf.DUMMYFUNCTION("""COMPUTED_VALUE"""),"Flips + Edits / Baile Funk / UK Funky / Breaks / UKG / 140 / Electro / 160 / Jungle") -> Flips + Edits / Baile Funk / UK Funky / Breaks / UKG / 140 / Electro / 160 / Jungle | K45: =IFERROR(__xludf.DUMMYFUNCTION("""COMPUTED_VALUE"""),"yourboykiran@gmail.com") -> yourboykiran@gmail.com | L45: =IFERROR(__xludf.DUMMYFUNCTION("""COMPUTED_VALUE"""),"https://www.instagram.com/yourboykiran/") -> https://www.instagram.com/yourboykiran/ | M45: =IFERROR(__xludf.DUMMYFUNCTION("""COMPUTED_VALUE"""),"https://soundcloud.com/yourboykiran") -> https://soundcloud.com/yourboykiran | O45: =IFERROR(__xludf.DUMMYFUNCTION("""COMPUTED_VALUE"""),"https://lnk.bio/yourboykiran") -> https://lnk.bio/yourboykiran | P45: =IFERROR(__xludf.DUMMYFUNCTION("""COMPUTED_VALUE"""),"https://soundcloud.com/yourboykiran") -> https://soundcloud.com/yourboykiran | Q45: =IFERROR(__xludf.DUMMYFUNCTION("""COMPUTED_VALUE"""),45325.0) -> 45325 | R45: =IFERROR(__xludf.DUMMYFUNCTION("""COMPUTED_VALUE"""),"DT x NDR Versus") -> DT x NDR Versus | S45: =IFERROR(__xludf.DUMMYFUNCTION("""COMPUTED_VALUE"""),1.0) -> 1 | T45: =IFERROR(__xludf.DUMMYFUNCTION("""COMPUTED_VALUE"""),4.0) -> 4 | U45: =IFERROR(__xludf.DUMMYFUNCTION("""COMPUTED_VALUE"""),2.0) -> 2 | V45: =IFERROR(__xludf.DUMMYFUNCTION("""COMPUTED_VALUE"""),15.0) -> 15
B46: 4 | C46: =IFERROR(__xludf.DUMMYFUNCTION("""COMPUTED_VALUE"""),"D-Lish") -> D-Lish | D46: =IFERROR(__xludf.DUMMYFUNCTION("""COMPUTED_VALUE"""),"Alisha Shah") -> Alisha Shah | I46: =IFERROR(__xludf.DUMMYFUNCTION("""COMPUTED_VALUE"""),"DJ") -> DJ | Q46: =IFERROR(__xludf.DUMMYFUNCTION("""COMPUTED_VALUE"""),45325.0) -> 45325 | R46: =IFERROR(__xludf.DUMMYFUNCTION("""COMPUTED_VALUE"""),"DT X NDR Versus") -> DT X NDR Versus | S46: =IFERROR(__xludf.DUMMYFUNCTION("""COMPUTED_VALUE"""),2.0) -> 2 | T46: =IFERROR(__xludf.DUMMYFUNCTION("""COMPUTED_VALUE"""),1.0) -> 1 | U46: =IFERROR(__xludf.DUMMYFUNCTION("""COMPUTED_VALUE"""),1.0) -> 1 | V46: =IFERROR(__xludf.DUMMYFUNCTION("""COMPUTED_VALUE"""),7.0) -> 7
B47: 14 | C47: =IFERROR(__xludf.DUMMYFUNCTION("""COMPUTED_VALUE"""),"JAE-X") -> JAE-X | G47: =IFERROR(__xludf.DUMMYFUNCTION("""COMPUTED_VALUE"""),"London") -> London | I47: =IFERROR(__xludf.DUMMYFUNCTION("""COMPUTED_VALUE"""),"DJ") -> DJ | K47: =IFERROR(__xludf.DUMMYFUNCTION("""COMPUTED_VALUE"""),"N/A") -> N/A | Q47: =IFERROR(__xludf.DUMMYFUNCTION("""COMPUTED_VALUE"""),45325.0) -> 45325 | R47: =IFERROR(__xludf.DUMMYFUNCTION("""COMPUTED_VALUE"""),"DT x NDR Versus ") -> DT x NDR Versus | S47: =IFERROR(__xludf.DUMMYFUNCTION("""COMPUTED_VALUE"""),2.0) -> 2 | T47: =IFERROR(__xludf.DUMMYFUNCTION("""COMPUTED_VALUE"""),0.0) -> 0 | U47: =IFERROR(__xludf.DUMMYFUNCTION("""COMPUTED_VALUE"""),0.0) -> 0 | V47: =IFERROR(__xludf.DUMMYFUNCTION("""COMPUTED_VALUE"""),2.0) -> 2
B48: 24 | C48: =IFERROR(__xludf.DUMMYFUNCTION("""COMPUTED_VALUE"""),"Rouhangeze") -> Rouhangeze | G48: =IFERROR(__xludf.DUMMYFUNCTION("""COMPUTED_VALUE"""),"London") -> London | I48: =IFERROR(__xludf.DUMMYFUNCTION("""COMPUTED_VALUE"""),"DJ") -> DJ | J48: =IFERROR(__xludf.DUMMYFUNCTION("""COMPUTED_VALUE"""),"Jazz and soulful") -> Jazz and soulful | Q48: =IFERROR(__xludf.DUMMYFUNCTION("""COMPUTED_VALUE"""),45273.0) -> 45273 | R48: =IFERROR(__xludf.DUMMYFUNCTION("""COMPUTED_VALUE"""),"Skate Lates Somerset House Dec 2023") -> Skate Lates Somerset House Dec 2023 | S48: =IFERROR(__xludf.DUMMYFUNCTION("""COMPUTED_VALUE"""),1.0) -> 1 | T48: =IFERROR(__xludf.DUMMYFUNCTION("""COMPUTED_VALUE"""),0.0) -> 0 | U48: =IFERROR(__xludf.DUMMYFUNCTION("""COMPUTED_VALUE"""),0.0) -> 0 | V48: =IFERROR(__xludf.DUMMYFUNCTION("""COMPUTED_VALUE"""),1.0) -> 1
B49: 24 | C49: =IFERROR(__xludf.DUMMYFUNCTION("""COMPUTED_VALUE"""),"JJamz") -> JJamz | G49: =IFERROR(__xludf.DUMMYFUNCTION("""COMPUTED_VALUE"""),"London / Manchester") -> London / Manchester | I49: =IFERROR(__xludf.DUMMYFUNCTION("""COMPUTED_VALUE"""),"DJ") -> DJ | J49: =IFERROR(__xludf.DUMMYFUNCTION("""COMPUTED_VALUE"""),"House and bits") -> House and bits | Q49: =IFERROR(__xludf.DUMMYFUNCTION("""COMPUTED_VALUE"""),45273.0) -> 45273 | R49: =IFERROR(__xludf.DUMMYFUNCTION("""COMPUTED_VALUE"""),"Skate Lates Somerset House Dec 2023") -> Skate Lates Somerset House Dec 2023 | S49: =IFERROR(__xludf.DUMMYFUNCTION("""COMPUTED_VALUE"""),1.0) -> 1 | T49: =IFERROR(__xludf.DUMMYFUNCTION("""COMPUTED_VALUE"""),0.0) -> 0 | U49: =IFERROR(__xludf.DUMMYFUNCTION("""COMPUTED_VALUE"""),0.0) -> 0 | V49: =IFERROR(__xludf.DUMMYFUNCTION("""COMPUTED_VALUE"""),1.0) -> 1
B50: 5 | C50: =IFERROR(__xludf.DUMMYFUNCTION("""COMPUTED_VALUE"""),"Zaleel") -> Zaleel | I50: =IFERROR(__xludf.DUMMYFUNCTION("""COMPUTED_VALUE"""),"DJ") -> DJ | Q50: =IFERROR(__xludf.DUMMYFUNCTION("""COMPUTED_VALUE"""),45262.0) -> 45262 | R50: =IFERROR(__xludf.DUMMYFUNCTION("""COMPUTED_VALUE"""),"Earth Hackney Dec 2023") -> Earth Hackney Dec 2023 | S50: =IFERROR(__xludf.DUMMYFUNCTION("""COMPUTED_VALUE"""),0.0) -> 0 | T50: =IFERROR(__xludf.DUMMYFUNCTION("""COMPUTED_VALUE"""),3.0) -> 3 | U50: =IFERROR(__xludf.DUMMYFUNCTION("""COMPUTED_VALUE"""),0.0) -> 0 | V50: =IFERROR(__xludf.DUMMYFUNCTION("""COMPUTED_VALUE"""),6.0) -> 6
B51: 7 | C51: =IFERROR(__xludf.DUMMYFUNCTION("""COMPUTED_VALUE"""),"NAINA") -> NAINA | G51: =IFERROR(__xludf.DUMMYFUNCTION("""COMPUTED_VALUE"""),"London") -> London | I51: =IFERROR(__xludf.DUMMYFUNCTION("""COMPUTED_VALUE"""),"DJ") -> DJ | Q51: =IFERROR(__xludf.DUMMYFUNCTION("""COMPUTED_VALUE"""),45262.0) -> 45262 | R51: =IFERROR(__xludf.DUMMYFUNCTION("""COMPUTED_VALUE"""),"Earth Hackney Dec 2023") -> Earth Hackney Dec 2023 | S51: =IFERROR(__xludf.DUMMYFUNCTION("""COMPUTED_VALUE"""),0.0) -> 0 | T51: =IFERROR(__xludf.DUMMYFUNCTION("""COMPUTED_VALUE"""),2.0) -> 2 | U51: =IFERROR(__xludf.DUMMYFUNCTION("""COMPUTED_VALUE"""),0.0) -> 0 | V51: =IFERROR(__xludf.DUMMYFUNCTION("""COMPUTED_VALUE"""),4.0) -> 4
B52: 14 | C52: =IFERROR(__xludf.DUMMYFUNCTION("""COMPUTED_VALUE"""),"Zee Muffin") -> Zee Muffin | G52: =IFERROR(__xludf.DUMMYFUNCTION("""COMPUTED_VALUE"""),"NYC USA") -> NYC USA | I52: =IFERROR(__xludf.DUMMYFUNCTION("""COMPUTED_VALUE"""),"DJ") -> DJ | Q52: =IFERROR(__xludf.DUMMYFUNCTION("""COMPUTED_VALUE"""),45262.0) -> 45262 | R52: =IFERROR(__xludf.DUMMYFUNCTION("""COMPUTED_VALUE"""),"Earth Hackney Dec 2023") -> Earth Hackney Dec 2023 | S52: =IFERROR(__xludf.DUMMYFUNCTION("""COMPUTED_VALUE"""),0.0) -> 0 | T52: =IFERROR(__xludf.DUMMYFUNCTION("""COMPUTED_VALUE"""),1.0) -> 1 | U52: =IFERROR(__xludf.DUMMYFUNCTION("""COMPUTED_VALUE"""),0.0) -> 0 | V52: =IFERROR(__xludf.DUMMYFUNCTION("""COMPUTED_VALUE"""),2.0) -> 2
B53: 14 | C53: =IFERROR(__xludf.DUMMYFUNCTION("""COMPUTED_VALUE"""),"Mya Mehmi") -> Mya Mehmi | G53: =IFERROR(__xludf.DUMMYFUNCTION("""COMPUTED_VALUE"""),"London") -> London | I53: =IFERROR(__xludf.DUMMYFUNCTION("""COMPUTED_VALUE"""),"DJ / LIVE Act") -> DJ / LIVE Act | Q53: =IFERROR(__xludf.DUMMYFUNCTION("""COMPUTED_VALUE"""),45262.0) -> 45262 | R53: =IFERROR(__xludf.DUMMYFUNCTION("""COMPUTED_VALUE"""),"Earth Hackney Dec 2023") -> Earth Hackney Dec 2023 | S53: =IFERROR(__xludf.DUMMYFUNCTION("""COMPUTED_VALUE"""),0.0) -> 0 | T53: =IFERROR(__xludf.DUMMYFUNCTION("""COMPUTED_VALUE"""),1.0) -> 1 | U53: =IFERROR(__xludf.DUMMYFUNCTION("""COMPUTED_VALUE"""),0.0) -> 0 | V53: =IFERROR(__xludf.DUMMYFUNCTION("""COMPUTED_VALUE"""),2.0) -> 2
B54: 14 | C54: =IFERROR(__xludf.DUMMYFUNCTION("""COMPUTED_VALUE"""),"Nadine Noor") -> Nadine Noor | G54: =IFERROR(__xludf.DUMMYFUNCTION("""COMPUTED_VALUE"""),"London") -> London | I54: =IFERROR(__xludf.DUMMYFUNCTION("""COMPUTED_VALUE"""),"DJ") -> DJ | Q54: =IFERROR(__xludf.DUMMYFUNCTION("""COMPUTED_VALUE"""),45262.0) -> 45262 | R54: =IFERROR(__xludf.DUMMYFUNCTION("""COMPUTED_VALUE"""),"Earth Hackney December 2023") -> Earth Hackney December 2023 | S54: =IFERROR(__xludf.DUMMYFUNCTION("""COMPUTED_VALUE"""),0.0) -> 0 | T54: =IFERROR(__xludf.DUMMYFUNCTION("""COMPUTED_VALUE"""),1.0) -> 1 | U54: =IFERROR(__xludf.DUMMYFUNCTION("""COMPUTED_VALUE"""),0.0) -> 0 | V54: =IFERROR(__xludf.DUMMYFUNCTION("""COMPUTED_VALUE"""),2.0) -> 2
B55: 14 | C55: =IFERROR(__xludf.DUMMYFUNCTION("""COMPUTED_VALUE"""),"A.G.") -> A.G. | G55: =IFERROR(__xludf.DUMMYFUNCTION("""COMPUTED_VALUE"""),"London") -> London | I55: =IFERROR(__xludf.DUMMYFUNCTION("""COMPUTED_VALUE"""),"DJ") -> DJ | Q55: =IFERROR(__xludf.DUMMYFUNCTION("""COMPUTED_VALUE"""),45262.0) -> 45262 | R55: =IFERROR(__xludf.DUMMYFUNCTION("""COMPUTED_VALUE"""),"Earth Hackney Dec 2023") -> Earth Hackney Dec 2023 | S55: =IFERROR(__xludf.DUMMYFUNCTION("""COMPUTED_VALUE"""),0.0) -> 0 | T55: =IFERROR(__xludf.DUMMYFUNCTION("""COMPUTED_VALUE"""),1.0) -> 1 | U55: =IFERROR(__xludf.DUMMYFUNCTION("""COMPUTED_VALUE"""),0.0) -> 0 | V55: =IFERROR(__xludf.DUMMYFUNCTION("""COMPUTED_VALUE"""),2.0) -> 2
B56: 14 | C56: =IFERROR(__xludf.DUMMYFUNCTION("""COMPUTED_VALUE"""),"Basmati") -> Basmati | G56: =IFERROR(__xludf.DUMMYFUNCTION("""COMPUTED_VALUE"""),"London") -> London | I56: =IFERROR(__xludf.DUMMYFUNCTION("""COMPUTED_VALUE"""),"DJ") -> DJ | Q56: =IFERROR(__xludf.DUMMYFUNCTION("""COMPUTED_VALUE"""),45262.0) -> 45262 | R56: =IFERROR(__xludf.DUMMYFUNCTION("""COMPUTED_VALUE"""),"Earth Hackney Dec 2023") -> Earth Hackney Dec 2023 | S56: =IFERROR(__xludf.DUMMYFUNCTION("""COMPUTED_VALUE"""),0.0) -> 0 | T56: =IFERROR(__xludf.DUMMYFUNCTION("""COMPUTED_VALUE"""),1.0) -> 1 | U56: =IFERROR(__xludf.DUMMYFUNCTION("""COMPUTED_VALUE"""),0.0) -> 0 | V56: =IFERROR(__xludf.DUMMYFUNCTION("""COMPUTED_VALUE"""),2.0) -> 2
A59: Most Booked Artists (Time Frame) | B59: Top: | C59: 25 | Q59: Time Frame (Months): | R59: 12
B60: Rank | C60: Artist name | D60: Preferred Name | E60: Preferred Pronouns | F60: Heritage | G60: Location | H60: Outside of UK (If applicable) | I60: Type of Act | J60: Genre | K60: Contact Details | L60: Instagram | M60: Soundcloud | N60: TikTok | O60: Any other social media | P60: Link to Previous Work | Q60: Most Recent Date Booked | R60: Event Name | S60: Small Gigs booked for | T60: Medium Gigs booked for | U60: Large Gigs booked for | V60: Gig Score (S =1, M =2 , L=3)
B61: {=iferror(rank(V61:V85, V61:V85, False), "")} -> 1 | C61: =IFERROR(__xludf.DUMMYFUNCTION("SORTN(RI_TF!B2:U1000, C59, false, RI_TF!U2:U1000, false)"),"Khadura (fka Rizmi)") -> Khadura (fka Rizmi) | D61: =IFERROR(__xludf.DUMMYFUNCTION("""COMPUTED_VALUE"""),"Zoya") -> Zoya | G61: =IFERROR(__xludf.DUMMYFUNCTION("""COMPUTED_VALUE"""),"Birmingham") -> Birmingham | I61: =IFERROR(__xludf.DUMMYFUNCTION("""COMPUTED_VALUE"""),"DJ") -> DJ | K61: =IFERROR(__xludf.DUMMYFUNCTION("""COMPUTED_VALUE"""),"zoya.ahmed@live.co.uk") -> zoya.ahmed@live.co.uk | L61: =IFERROR(__xludf.DUMMYFUNCTION("""COMPUTED_VALUE"""),"https://www.instagram.com/khadura.sound?igsh=NGtmYXowbWYwZHp3") -> https://www.instagram.com/khadura.sound?igsh=NGtmYXowbWYwZHp3 | M61: =IFERROR(__xludf.DUMMYFUNCTION("""COMPUTED_VALUE"""),"https://soundcloud.com/khadura?utm_source=mobi&utm_campaign=social_sharing") -> https://soundcloud.com/khadura?utm_source=mobi&utm_campaign=social_sharing | Q61: =IFERROR(__xludf.DUMMYFUNCTION("""COMPUTED_VALUE"""),46107.0) -> 46107 | R61: =IFERROR(__xludf.DUMMYFUNCTION("""COMPUTED_VALUE"""),"BFI At Yours: Mogul Mowgli") -> BFI At Yours: Mogul Mowgli | S61: =IFERROR(__xludf.DUMMYFUNCTION("""COMPUTED_VALUE"""),1.0) -> 1 | T61: =IFERROR(__xludf.DUMMYFUNCTION("""COMPUTED_VALUE"""),0.0) -> 0 | U61: =IFERROR(__xludf.DUMMYFUNCTION("""COMPUTED_VALUE"""),0.0) -> 0 | V61: =IFERROR(__xludf.DUMMYFUNCTION("""COMPUTED_VALUE"""),1.0) -> 1
B62: 2 | C62: =IFERROR(__xludf.DUMMYFUNCTION("""COMPUTED_VALUE"""),"Zar") -> Zar | D62: =IFERROR(__xludf.DUMMYFUNCTION("""COMPUTED_VALUE"""),"Arun Dhanjal") -> Arun Dhanjal | E62: =IFERROR(__xludf.DUMMYFUNCTION("""COMPUTED_VALUE"""),"he/him") -> he/him | G62: =IFERROR(__xludf.DUMMYFUNCTION("""COMPUTED_VALUE"""),"London") -> London | I62: =IFERROR(__xludf.DUMMYFUNCTION("""COMPUTED_VALUE"""),"DJ, Live Act") -> DJ, Live Act | J62: =IFERROR(__xludf.DUMMYFUNCTION("""COMPUTED_VALUE"""),"Multi genre") -> Multi genre | K62: =IFERROR(__xludf.DUMMYFUNCTION("""COMPUTED_VALUE"""),"adjzar@gmail.com") -> adjzar@gmail.com | L62: =IFERROR(__xludf.DUMMYFUNCTION("""COMPUTED_VALUE"""),"https://linktr.ee/ajdzar") -> https://linktr.ee/ajdzar | P62: =IFERROR(__xludf.DUMMYFUNCTION("""COMPUTED_VALUE"""),"https://www.mixcloud.com/NoBoundariesLDN_/zar-no-boundaries-guest-mix-001/") -> https://www.mixcloud.com/NoBoundariesLDN_/zar-no-boundaries-guest-mix-001/ | Q62: =IFERROR(__xludf.DUMMYFUNCTION("""COMPUTED_VALUE"""),0.0) -> 0 | R62: =IFERROR(__xludf.DUMMYFUNCTION("""COMPUTED_VALUE"""),"#N/A") -> #N/A | S62: =IFERROR(__xludf.DUMMYFUNCTION("""COMPUTED_VALUE"""),0.0) -> 0 | T62: =IFERROR(__xludf.DUMMYFUNCTION("""COMPUTED_VALUE"""),0.0) -> 0 | U62: =IFERROR(__xludf.DUMMYFUNCTION("""COMPUTED_VALUE"""),0.0) -> 0 | V62: =IFERROR(__xludf.DUMMYFUNCTION("""COMPUTED_VALUE"""),0.0) -> 0
B63: 2 | C63: =IFERROR(__xludf.DUMMYFUNCTION("""COMPUTED_VALUE"""),"Saadaan") -> Saadaan | D63: =IFERROR(__xludf.DUMMYFUNCTION("""COMPUTED_VALUE"""),"Saadaan Afghan") -> Saadaan Afghan | E63: =IFERROR(__xludf.DUMMYFUNCTION("""COMPUTED_VALUE"""),"He/Him") -> He/Him | G63: =IFERROR(__xludf.DUMMYFUNCTION("""COMPUTED_VALUE"""),"London, Coventry") -> London, Coventry | I63: =IFERROR(__xludf.DUMMYFUNCTION("""COMPUTED_VALUE"""),"DJ") -> DJ | J63: =IFERROR(__xludf.DUMMYFUNCTION("""COMPUTED_VALUE"""),"140, Dubstep, Left Field Bass, 2-step/ukg, Hip Hop, Techno, Electro (sometimes House)") -> 140, Dubstep, Left Field Bass, 2-step/ukg, Hip Hop, Techno, Electro (sometimes House) | K63: =IFERROR(__xludf.DUMMYFUNCTION("""COMPUTED_VALUE"""),"saadko@outlook.com") -> saadko@outlook.com | L63: =IFERROR(__xludf.DUMMYFUNCTION("""COMPUTED_VALUE"""),"https://www.instagram.com/saadaan__________/") -> https://www.instagram.com/saadaan__________/ | P63: =IFERROR(__xludf.DUMMYFUNCTION("""COMPUTED_VALUE"""),"""saadaan.bandcamp.com waveplate.systems""") -> "saadaan.bandcamp.com waveplate.systems" | Q63: =IFERROR(__xludf.DUMMYFUNCTION("""COMPUTED_VALUE"""),0.0) -> 0 | R63: =IFERROR(__xludf.DUMMYFUNCTION("""COMPUTED_VALUE"""),"#N/A") -> #N/A | S63: =IFERROR(__xludf.DUMMYFUNCTION("""COMPUTED_VALUE"""),0.0) -> 0 | T63: =IFERROR(__xludf.DUMMYFUNCTION("""COMPUTED_VALUE"""),0.0) -> 0 | U63: =IFERROR(__xludf.DUMMYFUNCTION("""COMPUTED_VALUE"""),0.0) -> 0 | V63: =IFERROR(__xludf.DUMMYFUNCTION("""COMPUTED_VALUE"""),0.0) -> 0
B64: 2 | C64: =IFERROR(__xludf.DUMMYFUNCTION("""COMPUTED_VALUE"""),"Michael Diamond") -> Michael Diamond | D64: =IFERROR(__xludf.DUMMYFUNCTION("""COMPUTED_VALUE"""),"Michael Diamond") -> Michael Diamond | G64: =IFERROR(__xludf.DUMMYFUNCTION("""COMPUTED_VALUE"""),"London, Oxford") -> London, Oxford | I64: =IFERROR(__xludf.DUMMYFUNCTION("""COMPUTED_VALUE"""),"DJ, Live Act") -> DJ, Live Act | J64: =IFERROR(__xludf.DUMMYFUNCTION("""COMPUTED_VALUE"""),"Electronic, Jazz") -> Electronic, Jazz | K64: =IFERROR(__xludf.DUMMYFUNCTION("""COMPUTED_VALUE"""),"diamond.sounduk@gmail.com") -> diamond.sounduk@gmail.com | L64: =IFERROR(__xludf.DUMMYFUNCTION("""COMPUTED_VALUE"""),"https://www.instagram.com/diamond.sound/") -> https://www.instagram.com/diamond.sound/ | M64: =IFERROR(__xludf.DUMMYFUNCTION("""COMPUTED_VALUE"""),"https://soundcloud.com/michaeldiamonduk") -> https://soundcloud.com/michaeldiamonduk | P64: =IFERROR(__xludf.DUMMYFUNCTION("""COMPUTED_VALUE"""),"https://linktr.ee/diamond.sound") -> https://linktr.ee/diamond.sound | Q64: =IFERROR(__xludf.DUMMYFUNCTION("""COMPUTED_VALUE"""),0.0) -> 0 | R64: =IFERROR(__xludf.DUMMYFUNCTION("""COMPUTED_VALUE"""),"#N/A") -> #N/A | S64: =IFERROR(__xludf.DUMMYFUNCTION("""COMPUTED_VALUE"""),0.0) -> 0 | T64: =IFERROR(__xludf.DUMMYFUNCTION("""COMPUTED_VALUE"""),0.0) -> 0 | U64: =IFERROR(__xludf.DUMMYFUNCTION("""COMPUTED_VALUE"""),0.0) -> 0 | V64: =IFERROR(__xludf.DUMMYFUNCTION("""COMPUTED_VALUE"""),0.0) -> 0
B65: 2 | C65: =IFERROR(__xludf.DUMMYFUNCTION("""COMPUTED_VALUE"""),"Sita Shah") -> Sita Shah | D65: =IFERROR(__xludf.DUMMYFUNCTION("""COMPUTED_VALUE"""),"Sita Shah") -> Sita Shah | G65: =IFERROR(__xludf.DUMMYFUNCTION("""COMPUTED_VALUE"""),"London") -> London | I65: =IFERROR(__xludf.DUMMYFUNCTION("""COMPUTED_VALUE"""),"DJ") -> DJ | J65: =IFERROR(__xludf.DUMMYFUNCTION("""COMPUTED_VALUE"""),"Techno, Hardcore, Breaks, Desi, Bootlegs") -> Techno, Hardcore, Breaks, Desi, Bootlegs | K65: =IFERROR(__xludf.DUMMYFUNCTION("""COMPUTED_VALUE"""),"sitashahsworld@gmail.com") -> sitashahsworld@gmail.com | L65: =IFERROR(__xludf.DUMMYFUNCTION("""COMPUTED_VALUE"""),"https://www.instagram.com/shahmbles/") -> https://www.instagram.com/shahmbles/ | M65: =IFERROR(__xludf.DUMMYFUNCTION("""COMPUTED_VALUE"""),"soundcloud.com/sitashahdj") -> soundcloud.com/sitashahdj | P65: =IFERROR(__xludf.DUMMYFUNCTION("""COMPUTED_VALUE"""),"https://linktr.ee/Sitashah") -> https://linktr.ee/Sitashah | Q65: =IFERROR(__xludf.DUMMYFUNCTION("""COMPUTED_VALUE"""),0.0) -> 0 | R65: =IFERROR(__xludf.DUMMYFUNCTION("""COMPUTED_VALUE"""),"#N/A") -> #N/A | S65: =IFERROR(__xludf.DUMMYFUNCTION("""COMPUTED_VALUE"""),0.0) -> 0 | T65: =IFERROR(__xludf.DUMMYFUNCTION("""COMPUTED_VALUE"""),0.0) -> 0 | U65: =IFERROR(__xludf.DUMMYFUNCTION("""COMPUTED_VALUE"""),0.0) -> 0 | V65: =IFERROR(__xludf.DUMMYFUNCTION("""COMPUTED_VALUE"""),0.0) -> 0
B66: 2 | C66: =IFERROR(__xludf.DUMMYFUNCTION("""COMPUTED_VALUE"""),"Rainmann") -> Rainmann | D66: =IFERROR(__xludf.DUMMYFUNCTION("""COMPUTED_VALUE"""),"Ral Daryanani") -> Ral Daryanani | G66: =IFERROR(__xludf.DUMMYFUNCTION("""COMPUTED_VALUE"""),"London") -> London | I66: =IFERROR(__xludf.DUMMYFUNCTION("""COMPUTED_VALUE"""),"DJ, Live Act") -> DJ, Live Act | J66: =IFERROR(__xludf.DUMMYFUNCTION("""COMPUTED_VALUE"""),"Tech House, Rap, Hip Hop, Deep House, House") -> Tech House, Rap, Hip Hop, Deep House, House | K66: =IFERROR(__xludf.DUMMYFUNCTION("""COMPUTED_VALUE"""),"rainmann@tuta.io") -> rainmann@tuta.io | M66: =IFERROR(__xludf.DUMMYFUNCTION("""COMPUTED_VALUE"""),"https://soundcloud.com/rainm4nn") -> https://soundcloud.com/rainm4nn | P66: =IFERROR(__xludf.DUMMYFUNCTION("""COMPUTED_VALUE"""),"https://linktr.ee/rainmann") -> https://linktr.ee/rainmann | Q66: =IFERROR(__xludf.DUMMYFUNCTION("""COMPUTED_VALUE"""),0.0) -> 0 | R66: =IFERROR(__xludf.DUMMYFUNCTION("""COMPUTED_VALUE"""),"#N/A") -> #N/A | S66: =IFERROR(__xludf.DUMMYFUNCTION("""COMPUTED_VALUE"""),0.0) -> 0 | T66: =IFERROR(__xludf.DUMMYFUNCTION("""COMPUTED_VALUE"""),0.0) -> 0 | U66: =IFERROR(__xludf.DUMMYFUNCTION("""COMPUTED_VALUE"""),0.0) -> 0 | V66: =IFERROR(__xludf.DUMMYFUNCTION("""COMPUTED_VALUE"""),0.0) -> 0
B67: 2 | C67: =IFERROR(__xludf.DUMMYFUNCTION("""COMPUTED_VALUE"""),"Somatic") -> Somatic | D67: =IFERROR(__xludf.DUMMYFUNCTION("""COMPUTED_VALUE"""),"Somin Griffin-Dave") -> Somin Griffin-Dave | G67: =IFERROR(__xludf.DUMMYFUNCTION("""COMPUTED_VALUE"""),"Bristol") -> Bristol | I67: =IFERROR(__xludf.DUMMYFUNCTION("""COMPUTED_VALUE"""),"DJ") -> DJ | J67: =IFERROR(__xludf.DUMMYFUNCTION("""COMPUTED_VALUE"""),"DnB, Jungle, Breakbeat, Garage, IDM, Experimental, Various other 4x4 genres, (Classic) Afrobeat, a touch of bossa and various other things") -> DnB, Jungle, Breakbeat, Garage, IDM, Experimental, Various other 4x4 genres, (Classic) Afrobeat, a touch of bossa and various other things | K67: =IFERROR(__xludf.DUMMYFUNCTION("""COMPUTED_VALUE"""),"somin.somatic@gmail.com") -> somin.somatic@gmail.com | L67: =IFERROR(__xludf.DUMMYFUNCTION("""COMPUTED_VALUE"""),"https://www.instagram.com/somin.somatic/") -> https://www.instagram.com/somin.somatic/ | M67: =IFERROR(__xludf.DUMMYFUNCTION("""COMPUTED_VALUE"""),"https://soundcloud.com/somingriffin-dave") -> https://soundcloud.com/somingriffin-dave | P67: =IFERROR(__xludf.DUMMYFUNCTION("""COMPUTED_VALUE"""),"https://linktr.ee/somin_somatic") -> https://linktr.ee/somin_somatic | Q67: =IFERROR(__xludf.DUMMYFUNCTION("""COMPUTED_VALUE"""),0.0) -> 0 | R67: =IFERROR(__xludf.DUMMYFUNCTION("""COMPUTED_VALUE"""),"#N/A") -> #N/A | S67: =IFERROR(__xludf.DUMMYFUNCTION("""COMPUTED_VALUE"""),0.0) -> 0 | T67: =IFERROR(__xludf.DUMMYFUNCTION("""COMPUTED_VALUE"""),0.0) -> 0 | U67: =IFERROR(__xludf.DUMMYFUNCTION("""COMPUTED_VALUE"""),0.0) -> 0 | V67: =IFERROR(__xludf.DUMMYFUNCTION("""COMPUTED_VALUE"""),0.0) -> 0
B68: 2 | C68: =IFERROR(__xludf.DUMMYFUNCTION("""COMPUTED_VALUE"""),"Freshta") -> Freshta | D68: =IFERROR(__xludf.DUMMYFUNCTION("""COMPUTED_VALUE"""),"Freshta Ebrahim") -> Freshta Ebrahim | G68: =IFERROR(__xludf.DUMMYFUNCTION("""COMPUTED_VALUE"""),"London") -> London | I68: =IFERROR(__xludf.DUMMYFUNCTION("""COMPUTED_VALUE"""),"DJ") -> DJ | J68: =IFERROR(__xludf.DUMMYFUNCTION("""COMPUTED_VALUE"""),"Grime, Dubstep, Leftfield Bass, Breaks, Hard Drum") -> Grime, Dubstep, Leftfield Bass, Breaks, Hard Drum | K68: =IFERROR(__xludf.DUMMYFUNCTION("""COMPUTED_VALUE"""),"freshtainfo@gmail.com") -> freshtainfo@gmail.com | L68: =IFERROR(__xludf.DUMMYFUNCTION("""COMPUTED_VALUE"""),"https://www.instagram.com/_freshta/") -> https://www.instagram.com/_freshta/ | M68: =IFERROR(__xludf.DUMMYFUNCTION("""COMPUTED_VALUE"""),"https://soundcloud.com/freshtadj") -> https://soundcloud.com/freshtadj | P68: =IFERROR(__xludf.DUMMYFUNCTION("""COMPUTED_VALUE"""),"http://linktr.ee/_freshta") -> http://linktr.ee/_freshta | Q68: =IFERROR(__xludf.DUMMYFUNCTION("""COMPUTED_VALUE"""),0.0) -> 0 | R68: =IFERROR(__xludf.DUMMYFUNCTION("""COMPUTED_VALUE"""),"#N/A") -> #N/A | S68: =IFERROR(__xludf.DUMMYFUNCTION("""COMPUTED_VALUE"""),0.0) -> 0 | T68: =IFERROR(__xludf.DUMMYFUNCTION("""COMPUTED_VALUE"""),0.0) -> 0 | U68: =IFERROR(__xludf.DUMMYFUNCTION("""COMPUTED_VALUE"""),0.0) -> 0 | V68: =IFERROR(__xludf.DUMMYFUNCTION("""COMPUTED_VALUE"""),0.0) -> 0
B69: 2 | C69: =IFERROR(__xludf.DUMMYFUNCTION("""COMPUTED_VALUE"""),"GoldTooth") -> GoldTooth | D69: =IFERROR(__xludf.DUMMYFUNCTION("""COMPUTED_VALUE"""),"Jaedan Gowthaman") -> Jaedan Gowthaman | G69: =IFERROR(__xludf.DUMMYFUNCTION("""COMPUTED_VALUE"""),"London") -> London | I69: =IFERROR(__xludf.DUMMYFUNCTION("""COMPUTED_VALUE"""),"DJ") -> DJ | J69: =IFERROR(__xludf.DUMMYFUNCTION("""COMPUTED_VALUE"""),"""Grime, Dubstep, UK Funky, Garage, Drill, SA House, afrohouse, kuduro. Also specialise in vinyl sets.") -> "Grime, Dubstep, UK Funky, Garage, Drill, SA House, afrohouse, kuduro. Also specialise in vinyl sets. | K69: =IFERROR(__xludf.DUMMYFUNCTION("""COMPUTED_VALUE"""),"dj@goldtooth.uk") -> dj@goldtooth.uk | L69: =IFERROR(__xludf.DUMMYFUNCTION("""COMPUTED_VALUE"""),"https://www.instagram.com/_goldtooth_/") -> https://www.instagram.com/_goldtooth_/ | M69: =IFERROR(__xludf.DUMMYFUNCTION("""COMPUTED_VALUE"""),"http://soundcloud.com/goldtooth_dj") -> http://soundcloud.com/goldtooth_dj | P69: =IFERROR(__xludf.DUMMYFUNCTION("""COMPUTED_VALUE"""),"https://linktr.ee/DJGoldTooth") -> https://linktr.ee/DJGoldTooth | Q69: =IFERROR(__xludf.DUMMYFUNCTION("""COMPUTED_VALUE"""),0.0) -> 0 | R69: =IFERROR(__xludf.DUMMYFUNCTION("""COMPUTED_VALUE"""),"#N/A") -> #N/A | S69: =IFERROR(__xludf.DUMMYFUNCTION("""COMPUTED_VALUE"""),0.0) -> 0 | T69: =IFERROR(__xludf.DUMMYFUNCTION("""COMPUTED_VALUE"""),0.0) -> 0 | U69: =IFERROR(__xludf.DUMMYFUNCTION("""COMPUTED_VALUE"""),0.0) -> 0 | V69: =IFERROR(__xludf.DUMMYFUNCTION("""COMPUTED_VALUE"""),0.0) -> 0
B70: 2 | C70: =IFERROR(__xludf.DUMMYFUNCTION("""COMPUTED_VALUE"""),"Temujin") -> Temujin | D70: =IFERROR(__xludf.DUMMYFUNCTION("""COMPUTED_VALUE"""),"Roop") -> Roop | G70: =IFERROR(__xludf.DUMMYFUNCTION("""COMPUTED_VALUE"""),"London") -> London | I70: =IFERROR(__xludf.DUMMYFUNCTION("""COMPUTED_VALUE"""),"DJ") -> DJ | J70: =IFERROR(__xludf.DUMMYFUNCTION("""COMPUTED_VALUE"""),"UK underground dance - Bass, Techno, Breaks, Garage, Jungle, Dubstep, Grime (heavy on the percs and dub)") -> UK underground dance - Bass, Techno, Breaks, Garage, Jungle, Dubstep, Grime (heavy on the percs and dub) | K70: =IFERROR(__xludf.DUMMYFUNCTION("""COMPUTED_VALUE"""),"temujin.ldn@gmail.com ") -> temujin.ldn@gmail.com | L70: =IFERROR(__xludf.DUMMYFUNCTION("""COMPUTED_VALUE"""),"https://www.instagram.com/temujin_ldn/") -> https://www.instagram.com/temujin_ldn/ | M70: =IFERROR(__xludf.DUMMYFUNCTION("""COMPUTED_VALUE"""),"http://soundcloud.com/temujin-ldn") -> http://soundcloud.com/temujin-ldn | P70: =IFERROR(__xludf.DUMMYFUNCTION("""COMPUTED_VALUE"""),"https://www.flowcode.com/page/temujin.ldn") -> https://www.flowcode.com/page/temujin.ldn | Q70: =IFERROR(__xludf.DUMMYFUNCTION("""COMPUTED_VALUE"""),0.0) -> 0 | R70: =IFERROR(__xludf.DUMMYFUNCTION("""COMPUTED_VALUE"""),"#N/A") -> #N/A | S70: =IFERROR(__xludf.DUMMYFUNCTION("""COMPUTED_VALUE"""),0.0) -> 0 | T70: =IFERROR(__xludf.DUMMYFUNCTION("""COMPUTED_VALUE"""),0.0) -> 0 | U70: =IFERROR(__xludf.DUMMYFUNCTION("""COMPUTED_VALUE"""),0.0) -> 0 | V70: =IFERROR(__xludf.DUMMYFUNCTION("""COMPUTED_VALUE"""),0.0) -> 0
B71: 2 | C71: =IFERROR(__xludf.DUMMYFUNCTION("""COMPUTED_VALUE"""),"Saachi") -> Saachi | D71: =IFERROR(__xludf.DUMMYFUNCTION("""COMPUTED_VALUE"""),"Saachi") -> Saachi | G71: =IFERROR(__xludf.DUMMYFUNCTION("""COMPUTED_VALUE"""),"London") -> London | I71: =IFERROR(__xludf.DUMMYFUNCTION("""COMPUTED_VALUE"""),"DJ") -> DJ | J71: =IFERROR(__xludf.DUMMYFUNCTION("""COMPUTED_VALUE"""),"House (sometimes electro & Ghettotech)") -> House (sometimes electro & Ghettotech) | K71: =IFERROR(__xludf.DUMMYFUNCTION("""COMPUTED_VALUE"""),"djsaachi@hotmail.com") -> djsaachi@hotmail.com | L71: =IFERROR(__xludf.DUMMYFUNCTION("""COMPUTED_VALUE"""),"https://www.instagram.com/saachi_versaachi/") -> https://www.instagram.com/saachi_versaachi/ | M71: =IFERROR(__xludf.DUMMYFUNCTION("""COMPUTED_VALUE"""),"https://soundcloud.com/saachi-bains") -> https://soundcloud.com/saachi-bains | P71: =IFERROR(__xludf.DUMMYFUNCTION("""COMPUTED_VALUE"""),"https://lnk.bio/Saachi") -> https://lnk.bio/Saachi | Q71: =IFERROR(__xludf.DUMMYFUNCTION("""COMPUTED_VALUE"""),0.0) -> 0 | R71: =IFERROR(__xludf.DUMMYFUNCTION("""COMPUTED_VALUE"""),"#N/A") -> #N/A | S71: =IFERROR(__xludf.DUMMYFUNCTION("""COMPUTED_VALUE"""),0.0) -> 0 | T71: =IFERROR(__xludf.DUMMYFUNCTION("""COMPUTED_VALUE"""),0.0) -> 0 | U71: =IFERROR(__xludf.DUMMYFUNCTION("""COMPUTED_VALUE"""),0.0) -> 0 | V71: =IFERROR(__xludf.DUMMYFUNCTION("""COMPUTED_VALUE"""),0.0) -> 0
B72: 2 | C72: =IFERROR(__xludf.DUMMYFUNCTION("""COMPUTED_VALUE"""),"Kishan") -> Kishan | D72: =IFERROR(__xludf.DUMMYFUNCTION("""COMPUTED_VALUE"""),"Kishan Thakrar") -> Kishan Thakrar | G72: =IFERROR(__xludf.DUMMYFUNCTION("""COMPUTED_VALUE"""),"London") -> London | I72: =IFERROR(__xludf.DUMMYFUNCTION("""COMPUTED_VALUE"""),"DJ") -> DJ | J72: =IFERROR(__xludf.DUMMYFUNCTION("""COMPUTED_VALUE"""),"UKG, House, Hip Hop/Afrobeat, 140, Jungle, DnB etc") -> UKG, House, Hip Hop/Afrobeat, 140, Jungle, DnB etc | K72: =IFERROR(__xludf.DUMMYFUNCTION("""COMPUTED_VALUE"""),"music@kishan.co.uk") -> music@kishan.co.uk | L72: =IFERROR(__xludf.DUMMYFUNCTION("""COMPUTED_VALUE"""),"https://www.instagram.com/kishanthakrar/") -> https://www.instagram.com/kishanthakrar/ | M72: =IFERROR(__xludf.DUMMYFUNCTION("""COMPUTED_VALUE"""),"https://soundcloud.com/kishanthakrar") -> https://soundcloud.com/kishanthakrar | P72: =IFERROR(__xludf.DUMMYFUNCTION("""COMPUTED_VALUE"""),"https://www.liinks.co/kishan") -> https://www.liinks.co/kishan | Q72: =IFERROR(__xludf.DUMMYFUNCTION("""COMPUTED_VALUE"""),0.0) -> 0 | R72: =IFERROR(__xludf.DUMMYFUNCTION("""COMPUTED_VALUE"""),"#N/A") -> #N/A | S72: =IFERROR(__xludf.DUMMYFUNCTION("""COMPUTED_VALUE"""),0.0) -> 0 | T72: =IFERROR(__xludf.DUMMYFUNCTION("""COMPUTED_VALUE"""),0.0) -> 0 | U72: =IFERROR(__xludf.DUMMYFUNCTION("""COMPUTED_VALUE"""),0.0) -> 0 | V72: =IFERROR(__xludf.DUMMYFUNCTION("""COMPUTED_VALUE"""),0.0) -> 0
B73: 2 | C73: =IFERROR(__xludf.DUMMYFUNCTION("""COMPUTED_VALUE"""),"DJ PRIYA") -> DJ PRIYA | D73: =IFERROR(__xludf.DUMMYFUNCTION("""COMPUTED_VALUE"""),"Priya Majhail") -> Priya Majhail | G73: =IFERROR(__xludf.DUMMYFUNCTION("""COMPUTED_VALUE"""),"London, Brighton") -> London, Brighton | I73: =IFERROR(__xludf.DUMMYFUNCTION("""COMPUTED_VALUE"""),"DJ") -> DJ | J73: =IFERROR(__xludf.DUMMYFUNCTION("""COMPUTED_VALUE"""),"Reggaeton, Bashment, Dancehall, Funky") -> Reggaeton, Bashment, Dancehall, Funky | K73: =IFERROR(__xludf.DUMMYFUNCTION("""COMPUTED_VALUE"""),"majpri95@gmail.com") -> majpri95@gmail.com | L73: =IFERROR(__xludf.DUMMYFUNCTION("""COMPUTED_VALUE"""),"https://www.instagram.com/deejaypri/") -> https://www.instagram.com/deejaypri/ | M73: =IFERROR(__xludf.DUMMYFUNCTION("""COMPUTED_VALUE"""),"https://soundcloud.com/deejaypriya") -> https://soundcloud.com/deejaypriya | P73: =IFERROR(__xludf.DUMMYFUNCTION("""COMPUTED_VALUE"""),"https://linktr.ee/Deejaypri") -> https://linktr.ee/Deejaypri | Q73: =IFERROR(__xludf.DUMMYFUNCTION("""COMPUTED_VALUE"""),0.0) -> 0 | R73: =IFERROR(__xludf.DUMMYFUNCTION("""COMPUTED_VALUE"""),"#N/A") -> #N/A | S73: =IFERROR(__xludf.DUMMYFUNCTION("""COMPUTED_VALUE"""),0.0) -> 0 | T73: =IFERROR(__xludf.DUMMYFUNCTION("""COMPUTED_VALUE"""),0.0) -> 0 | U73: =IFERROR(__xludf.DUMMYFUNCTION("""COMPUTED_VALUE"""),0.0) -> 0 | V73: =IFERROR(__xludf.DUMMYFUNCTION("""COMPUTED_VALUE"""),0.0) -> 0
B74: 2 | C74: =IFERROR(__xludf.DUMMYFUNCTION("""COMPUTED_VALUE"""),"Qwirk") -> Qwirk | D74: =IFERROR(__xludf.DUMMYFUNCTION("""COMPUTED_VALUE"""),"Simaran Patel") -> Simaran Patel | G74: =IFERROR(__xludf.DUMMYFUNCTION("""COMPUTED_VALUE"""),"Manchester") -> Manchester | I74: =IFERROR(__xludf.DUMMYFUNCTION("""COMPUTED_VALUE"""),"DJ") -> DJ | J74: =IFERROR(__xludf.DUMMYFUNCTION("""COMPUTED_VALUE"""),"Dubstep, Grime, Garage, Breakbeat, DnB, Footwork, Trap, Jungle") -> Dubstep, Grime, Garage, Breakbeat, DnB, Footwork, Trap, Jungle | K74: =IFERROR(__xludf.DUMMYFUNCTION("""COMPUTED_VALUE"""),"qwirkdubstep@gmail.com") -> qwirkdubstep@gmail.com | L74: =IFERROR(__xludf.DUMMYFUNCTION("""COMPUTED_VALUE"""),"https://www.instagram.com/qwirkbass/") -> https://www.instagram.com/qwirkbass/ | M74: =IFERROR(__xludf.DUMMYFUNCTION("""COMPUTED_VALUE"""),"https://soundcloud.com/qwirkk") -> https://soundcloud.com/qwirkk | N74: =IFERROR(__xludf.DUMMYFUNCTION("""COMPUTED_VALUE"""),"https://www.tiktok.com/@qwirkbass") -> https://www.tiktok.com/@qwirkbass | P74: =IFERROR(__xludf.DUMMYFUNCTION("""COMPUTED_VALUE"""),"linktr.ee/qwirk") -> linktr.ee/qwirk | Q74: =IFERROR(__xludf.DUMMYFUNCTION("""COMPUTED_VALUE"""),0.0) -> 0 | R74: =IFERROR(__xludf.DUMMYFUNCTION("""COMPUTED_VALUE"""),"#N/A") -> #N/A | S74: =IFERROR(__xludf.DUMMYFUNCTION("""COMPUTED_VALUE"""),0.0) -> 0 | T74: =IFERROR(__xludf.DUMMYFUNCTION("""COMPUTED_VALUE"""),0.0) -> 0 | U74: =IFERROR(__xludf.DUMMYFUNCTION("""COMPUTED_VALUE"""),0.0) -> 0 | V74: =IFERROR(__xludf.DUMMYFUNCTION("""COMPUTED_VALUE"""),0.0) -> 0
B75: 2 | C75: =IFERROR(__xludf.DUMMYFUNCTION("""COMPUTED_VALUE"""),"Rohan Rakhit") -> Rohan Rakhit | D75: =IFERROR(__xludf.DUMMYFUNCTION("""COMPUTED_VALUE"""),"Rohan Rakhit") -> Rohan Rakhit | G75: =IFERROR(__xludf.DUMMYFUNCTION("""COMPUTED_VALUE"""),"London") -> London | I75: =IFERROR(__xludf.DUMMYFUNCTION("""COMPUTED_VALUE"""),"DJ") -> DJ | J75: =IFERROR(__xludf.DUMMYFUNCTION("""COMPUTED_VALUE"""),"Multi-genre") -> Multi-genre | K75: =IFERROR(__xludf.DUMMYFUNCTION("""COMPUTED_VALUE"""),"rohan@daytimers.org") -> rohan@daytimers.org | L75: =IFERROR(__xludf.DUMMYFUNCTION("""COMPUTED_VALUE"""),"https://www.instagram.com/rohan_rakhit/") -> https://www.instagram.com/rohan_rakhit/ | M75: =IFERROR(__xludf.DUMMYFUNCTION("""COMPUTED_VALUE"""),"https://soundcloud.com/rohan_rakhit") -> https://soundcloud.com/rohan_rakhit | P75: =IFERROR(__xludf.DUMMYFUNCTION("""COMPUTED_VALUE"""),"https://linktr.ee/rohan.rakhit") -> https://linktr.ee/rohan.rakhit | Q75: =IFERROR(__xludf.DUMMYFUNCTION("""COMPUTED_VALUE"""),0.0) -> 0 | R75: =IFERROR(__xludf.DUMMYFUNCTION("""COMPUTED_VALUE"""),"#N/A") -> #N/A | S75: =IFERROR(__xludf.DUMMYFUNCTION("""COMPUTED_VALUE"""),0.0) -> 0 | T75: =IFERROR(__xludf.DUMMYFUNCTION("""COMPUTED_VALUE"""),0.0) -> 0 | U75: =IFERROR(__xludf.DUMMYFUNCTION("""COMPUTED_VALUE"""),0.0) -> 0 | V75: =IFERROR(__xludf.DUMMYFUNCTION("""COMPUTED_VALUE"""),0.0) -> 0
B76: 2 | C76: =IFERROR(__xludf.DUMMYFUNCTION("""COMPUTED_VALUE"""),"Jaskkkkkkk") -> Jaskkkkkkk | D76: =IFERROR(__xludf.DUMMYFUNCTION("""COMPUTED_VALUE"""),"Jaskaran Notta") -> Jaskaran Notta | G76: =IFERROR(__xludf.DUMMYFUNCTION("""COMPUTED_VALUE"""),"Birmingham") -> Birmingham | I76: =IFERROR(__xludf.DUMMYFUNCTION("""COMPUTED_VALUE"""),"DJ") -> DJ | J76: =IFERROR(__xludf.DUMMYFUNCTION("""COMPUTED_VALUE"""),"Electro, Ghetto, Italo, breakbeat, chugg (sometimes garage, disco)") -> Electro, Ghetto, Italo, breakbeat, chugg (sometimes garage, disco) | K76: =IFERROR(__xludf.DUMMYFUNCTION("""COMPUTED_VALUE"""),"jaskaran.notta97@gmail.com") -> jaskaran.notta97@gmail.com | L76: =IFERROR(__xludf.DUMMYFUNCTION("""COMPUTED_VALUE"""),"https://www.instagram.com/_jaskkkkkkk/") -> https://www.instagram.com/_jaskkkkkkk/ | M76: =IFERROR(__xludf.DUMMYFUNCTION("""COMPUTED_VALUE"""),"https://soundcloud.com/jaskkkkkkk?ref=clipboard&p=i&c=1&utm_source=clipboard&utm_medium=text&utm_campaign=social_sharing") -> https://soundcloud.com/jaskkkkkkk?ref=clipboard&p=i&c=1&utm_source=clipboard&utm_medium=text&utm_campaign=social_sharing | P76: =IFERROR(__xludf.DUMMYFUNCTION("""COMPUTED_VALUE"""),"https://refugeworldwide.com/radio/daytimers-4th-feb-2022") -> https://refugeworldwide.com/radio/daytimers-4th-feb-2022 | Q76: =IFERROR(__xludf.DUMMYFUNCTION("""COMPUTED_VALUE"""),0.0) -> 0 | R76: =IFERROR(__xludf.DUMMYFUNCTION("""COMPUTED_VALUE"""),"#N/A") -> #N/A | S76: =IFERROR(__xludf.DUMMYFUNCTION("""COMPUTED_VALUE"""),0.0) -> 0 | T76: =IFERROR(__xludf.DUMMYFUNCTION("""COMPUTED_VALUE"""),0.0) -> 0 | U76: =IFERROR(__xludf.DUMMYFUNCTION("""COMPUTED_VALUE"""),0.0) -> 0 | V76: =IFERROR(__xludf.DUMMYFUNCTION("""COMPUTED_VALUE"""),0.0) -> 0
B77: 2 | C77: =IFERROR(__xludf.DUMMYFUNCTION("""COMPUTED_VALUE"""),"King Monday") -> King Monday | D77: =IFERROR(__xludf.DUMMYFUNCTION("""COMPUTED_VALUE"""),"Sherwyn Appadu") -> Sherwyn Appadu | G77: =IFERROR(__xludf.DUMMYFUNCTION("""COMPUTED_VALUE"""),"London") -> London | I77: =IFERROR(__xludf.DUMMYFUNCTION("""COMPUTED_VALUE"""),"DJ, Live Act") -> DJ, Live Act | J77: =IFERROR(__xludf.DUMMYFUNCTION("""COMPUTED_VALUE"""),"Pop, Psychedelic, Sega, UK Dance, Experimental, Electronic") -> Pop, Psychedelic, Sega, UK Dance, Experimental, Electronic | K77: =IFERROR(__xludf.DUMMYFUNCTION("""COMPUTED_VALUE"""),"kxmonday@hotmail.com") -> kxmonday@hotmail.com | L77: =IFERROR(__xludf.DUMMYFUNCTION("""COMPUTED_VALUE"""),"https://soundcloud.com/kingxmonday") -> https://soundcloud.com/kingxmonday | M77: =IFERROR(__xludf.DUMMYFUNCTION("""COMPUTED_VALUE"""),"https://soundcloud.com/kingxmonday") -> https://soundcloud.com/kingxmonday | P77: =IFERROR(__xludf.DUMMYFUNCTION("""COMPUTED_VALUE"""),"https://ffm.to/kingmonday") -> https://ffm.to/kingmonday | Q77: =IFERROR(__xludf.DUMMYFUNCTION("""COMPUTED_VALUE"""),0.0) -> 0 | R77: =IFERROR(__xludf.DUMMYFUNCTION("""COMPUTED_VALUE"""),"#N/A") -> #N/A | S77: =IFERROR(__xludf.DUMMYFUNCTION("""COMPUTED_VALUE"""),0.0) -> 0 | T77: =IFERROR(__xludf.DUMMYFUNCTION("""COMPUTED_VALUE"""),0.0) -> 0 | U77: =IFERROR(__xludf.DUMMYFUNCTION("""COMPUTED_VALUE"""),0.0) -> 0 | V77: =IFERROR(__xludf.DUMMYFUNCTION("""COMPUTED_VALUE"""),0.0) -> 0
B78: 2 | C78: =IFERROR(__xludf.DUMMYFUNCTION("""COMPUTED_VALUE"""),"Mandle") -> Mandle | D78: =IFERROR(__xludf.DUMMYFUNCTION("""COMPUTED_VALUE"""),"Debesh Mandal") -> Debesh Mandal | G78: =IFERROR(__xludf.DUMMYFUNCTION("""COMPUTED_VALUE"""),"London, Manchester") -> London, Manchester | I78: =IFERROR(__xludf.DUMMYFUNCTION("""COMPUTED_VALUE"""),"DJ") -> DJ | J78: =IFERROR(__xludf.DUMMYFUNCTION("""COMPUTED_VALUE"""),"House, Techno, Breaks, Jungle, Disco") -> House, Techno, Breaks, Jungle, Disco | K78: =IFERROR(__xludf.DUMMYFUNCTION("""COMPUTED_VALUE"""),"mandle.demain@gmail.com") -> mandle.demain@gmail.com | M78: =IFERROR(__xludf.DUMMYFUNCTION("""COMPUTED_VALUE"""),"https://soundcloud.com/djmandle") -> https://soundcloud.com/djmandle | P78: =IFERROR(__xludf.DUMMYFUNCTION("""COMPUTED_VALUE"""),"https://soundcloud.com/djmandle") -> https://soundcloud.com/djmandle | Q78: =IFERROR(__xludf.DUMMYFUNCTION("""COMPUTED_VALUE"""),0.0) -> 0 | R78: =IFERROR(__xludf.DUMMYFUNCTION("""COMPUTED_VALUE"""),"#N/A") -> #N/A | S78: =IFERROR(__xludf.DUMMYFUNCTION("""COMPUTED_VALUE"""),0.0) -> 0 | T78: =IFERROR(__xludf.DUMMYFUNCTION("""COMPUTED_VALUE"""),0.0) -> 0 | U78: =IFERROR(__xludf.DUMMYFUNCTION("""COMPUTED_VALUE"""),0.0) -> 0 | V78: =IFERROR(__xludf.DUMMYFUNCTION("""COMPUTED_VALUE"""),0.0) -> 0
B79: 2 | C79: =IFERROR(__xludf.DUMMYFUNCTION("""COMPUTED_VALUE"""),"manj") -> manj | I79: =IFERROR(__xludf.DUMMYFUNCTION("""COMPUTED_VALUE"""),"DJ") -> DJ | K79: =IFERROR(__xludf.DUMMYFUNCTION("""COMPUTED_VALUE"""),"info@manj.uk") -> info@manj.uk | Q79: =IFERROR(__xludf.DUMMYFUNCTION("""COMPUTED_VALUE"""),0.0) -> 0 | R79: =IFERROR(__xludf.DUMMYFUNCTION("""COMPUTED_VALUE"""),"#N/A") -> #N/A | S79: =IFERROR(__xludf.DUMMYFUNCTION("""COMPUTED_VALUE"""),0.0) -> 0 | T79: =IFERROR(__xludf.DUMMYFUNCTION("""COMPUTED_VALUE"""),0.0) -> 0 | U79: =IFERROR(__xludf.DUMMYFUNCTION("""COMPUTED_VALUE"""),0.0) -> 0 | V79: =IFERROR(__xludf.DUMMYFUNCTION("""COMPUTED_VALUE"""),0.0) -> 0
B80: 2 | C80: =IFERROR(__xludf.DUMMYFUNCTION("""COMPUTED_VALUE"""),"REA") -> REA | D80: =IFERROR(__xludf.DUMMYFUNCTION("""COMPUTED_VALUE"""),"Rea Chawhan") -> Rea Chawhan | G80: =IFERROR(__xludf.DUMMYFUNCTION("""COMPUTED_VALUE"""),"London, Bristol") -> London, Bristol | H80: =IFERROR(__xludf.DUMMYFUNCTION("""COMPUTED_VALUE"""),"Madrid") -> Madrid | I80: =IFERROR(__xludf.DUMMYFUNCTION("""COMPUTED_VALUE"""),"DJ") -> DJ | J80: =IFERROR(__xludf.DUMMYFUNCTION("""COMPUTED_VALUE"""),"Dnb, Breaks/Footwork, UKG, UK Dubstep") -> Dnb, Breaks/Footwork, UKG, UK Dubstep | K80: =IFERROR(__xludf.DUMMYFUNCTION("""COMPUTED_VALUE"""),"reamusicuk@gmail.com") -> reamusicuk@gmail.com | L80: =IFERROR(__xludf.DUMMYFUNCTION("""COMPUTED_VALUE"""),"https://www.instagram.com/reamusicuk/") -> https://www.instagram.com/reamusicuk/ | M80: =IFERROR(__xludf.DUMMYFUNCTION("""COMPUTED_VALUE"""),"https://soundcloud.com/readnb") -> https://soundcloud.com/readnb | P80: =IFERROR(__xludf.DUMMYFUNCTION("""COMPUTED_VALUE"""),"https://soundcloud.com/readnb") -> https://soundcloud.com/readnb | Q80: =IFERROR(__xludf.DUMMYFUNCTION("""COMPUTED_VALUE"""),0.0) -> 0 | R80: =IFERROR(__xludf.DUMMYFUNCTION("""COMPUTED_VALUE"""),"#N/A") -> #N/A | S80: =IFERROR(__xludf.DUMMYFUNCTION("""COMPUTED_VALUE"""),0.0) -> 0 | T80: =IFERROR(__xludf.DUMMYFUNCTION("""COMPUTED_VALUE"""),0.0) -> 0 | U80: =IFERROR(__xludf.DUMMYFUNCTION("""COMPUTED_VALUE"""),0.0) -> 0 | V80: =IFERROR(__xludf.DUMMYFUNCTION("""COMPUTED_VALUE"""),0.0) -> 0
B81: 2 | C81: =IFERROR(__xludf.DUMMYFUNCTION("""COMPUTED_VALUE"""),"Sepoys") -> Sepoys | D81: =IFERROR(__xludf.DUMMYFUNCTION("""COMPUTED_VALUE"""),"Rohit Tandon") -> Rohit Tandon | H81: =IFERROR(__xludf.DUMMYFUNCTION("""COMPUTED_VALUE"""),"Vancouver, Canada") -> Vancouver, Canada | I81: =IFERROR(__xludf.DUMMYFUNCTION("""COMPUTED_VALUE"""),"DJ") -> DJ | J81: =IFERROR(__xludf.DUMMYFUNCTION("""COMPUTED_VALUE"""),"Liquid DnB/ Jungle") -> Liquid DnB/ Jungle | K81: =IFERROR(__xludf.DUMMYFUNCTION("""COMPUTED_VALUE"""),"basspradesh@gmail.com") -> basspradesh@gmail.com | M81: =IFERROR(__xludf.DUMMYFUNCTION("""COMPUTED_VALUE"""),"https://soundcloud.com/sepoys") -> https://soundcloud.com/sepoys | P81: =IFERROR(__xludf.DUMMYFUNCTION("""COMPUTED_VALUE"""),"https://soundcloud.com/sepoys") -> https://soundcloud.com/sepoys | Q81: =IFERROR(__xludf.DUMMYFUNCTION("""COMPUTED_VALUE"""),0.0) -> 0 | R81: =IFERROR(__xludf.DUMMYFUNCTION("""COMPUTED_VALUE"""),"#N/A") -> #N/A | S81: =IFERROR(__xludf.DUMMYFUNCTION("""COMPUTED_VALUE"""),0.0) -> 0 | T81: =IFERROR(__xludf.DUMMYFUNCTION("""COMPUTED_VALUE"""),0.0) -> 0 | U81: =IFERROR(__xludf.DUMMYFUNCTION("""COMPUTED_VALUE"""),0.0) -> 0 | V81: =IFERROR(__xludf.DUMMYFUNCTION("""COMPUTED_VALUE"""),0.0) -> 0
B82: 2 | C82: =IFERROR(__xludf.DUMMYFUNCTION("""COMPUTED_VALUE"""),"Provhat") -> Provhat | D82: =IFERROR(__xludf.DUMMYFUNCTION("""COMPUTED_VALUE"""),"Provhat Rahman") -> Provhat Rahman | G82: =IFERROR(__xludf.DUMMYFUNCTION("""COMPUTED_VALUE"""),"London") -> London | I82: =IFERROR(__xludf.DUMMYFUNCTION("""COMPUTED_VALUE"""),"DJ") -> DJ | J82: =IFERROR(__xludf.DUMMYFUNCTION("""COMPUTED_VALUE"""),"UK Bass") -> UK Bass | K82: =IFERROR(__xludf.DUMMYFUNCTION("""COMPUTED_VALUE"""),"provhat@daytimers.org") -> provhat@daytimers.org | P82: =IFERROR(__xludf.DUMMYFUNCTION("""COMPUTED_VALUE"""),"-") -> - | Q82: =IFERROR(__xludf.DUMMYFUNCTION("""COMPUTED_VALUE"""),0.0) -> 0 | R82: =IFERROR(__xludf.DUMMYFUNCTION("""COMPUTED_VALUE"""),"#N/A") -> #N/A | S82: =IFERROR(__xludf.DUMMYFUNCTION("""COMPUTED_VALUE"""),0.0) -> 0 | T82: =IFERROR(__xludf.DUMMYFUNCTION("""COMPUTED_VALUE"""),0.0) -> 0 | U82: =IFERROR(__xludf.DUMMYFUNCTION("""COMPUTED_VALUE"""),0.0) -> 0 | V82: =IFERROR(__xludf.DUMMYFUNCTION("""COMPUTED_VALUE"""),0.0) -> 0
B83: 2 | C83: =IFERROR(__xludf.DUMMYFUNCTION("""COMPUTED_VALUE"""),"Mera Bhai") -> Mera Bhai | D83: =IFERROR(__xludf.DUMMYFUNCTION("""COMPUTED_VALUE"""),"Kavhan Karthik ") -> Kavhan Karthik | G83: =IFERROR(__xludf.DUMMYFUNCTION("""COMPUTED_VALUE"""),"London") -> London | I83: =IFERROR(__xludf.DUMMYFUNCTION("""COMPUTED_VALUE"""),"DJ, Live Act") -> DJ, Live Act | J83: =IFERROR(__xludf.DUMMYFUNCTION("""COMPUTED_VALUE"""),"Detroit + Italo House + Disco, Acid House, Techno, Breaks, Funk, UKG, Global Riddims. Vinyl only sets include - strictly UKG, 70s-80s Bollywood disco, world/int'l psych/funk/disco") -> Detroit + Italo House + Disco, Acid House, Techno, Breaks, Funk, UKG, Global Riddims. Vinyl only sets include - strictly UKG, 70s-80s Bollywood disco, world/int'l psych/funk/disco | K83: =IFERROR(__xludf.DUMMYFUNCTION("""COMPUTED_VALUE"""),"merabhaiiimusic@gmail.com") -> merabhaiiimusic@gmail.com | P83: =IFERROR(__xludf.DUMMYFUNCTION("""COMPUTED_VALUE"""),"https://linktr.ee/merabhaiii") -> https://linktr.ee/merabhaiii | Q83: =IFERROR(__xludf.DUMMYFUNCTION("""COMPUTED_VALUE"""),0.0) -> 0 | R83: =IFERROR(__xludf.DUMMYFUNCTION("""COMPUTED_VALUE"""),"#N/A") -> #N/A | S83: =IFERROR(__xludf.DUMMYFUNCTION("""COMPUTED_VALUE"""),0.0) -> 0 | T83: =IFERROR(__xludf.DUMMYFUNCTION("""COMPUTED_VALUE"""),0.0) -> 0 | U83: =IFERROR(__xludf.DUMMYFUNCTION("""COMPUTED_VALUE"""),0.0) -> 0 | V83: =IFERROR(__xludf.DUMMYFUNCTION("""COMPUTED_VALUE"""),0.0) -> 0
B84: 2 | C84: =IFERROR(__xludf.DUMMYFUNCTION("""COMPUTED_VALUE"""),"Izzi") -> Izzi | D84: =IFERROR(__xludf.DUMMYFUNCTION("""COMPUTED_VALUE"""),"Izzi Dickson") -> Izzi Dickson | G84: =IFERROR(__xludf.DUMMYFUNCTION("""COMPUTED_VALUE"""),"London, Cambridge") -> London, Cambridge | I84: =IFERROR(__xludf.DUMMYFUNCTION("""COMPUTED_VALUE"""),"DJ") -> DJ | J84: =IFERROR(__xludf.DUMMYFUNCTION("""COMPUTED_VALUE"""),"UK bass, breaks, leftfield techno, hard drum, electro, jungle, footwork") -> UK bass, breaks, leftfield techno, hard drum, electro, jungle, footwork | K84: =IFERROR(__xludf.DUMMYFUNCTION("""COMPUTED_VALUE"""),"izzi.dickson@gmail.com") -> izzi.dickson@gmail.com | P84: =IFERROR(__xludf.DUMMYFUNCTION("""COMPUTED_VALUE"""),"https://soundcloud.app.goo.gl/aXWw6FdyUhNKSXZi6") -> https://soundcloud.app.goo.gl/aXWw6FdyUhNKSXZi6 | Q84: =IFERROR(__xludf.DUMMYFUNCTION("""COMPUTED_VALUE"""),0.0) -> 0 | R84: =IFERROR(__xludf.DUMMYFUNCTION("""COMPUTED_VALUE"""),"#N/A") -> #N/A | S84: =IFERROR(__xludf.DUMMYFUNCTION("""COMPUTED_VALUE"""),0.0) -> 0 | T84: =IFERROR(__xludf.DUMMYFUNCTION("""COMPUTED_VALUE"""),0.0) -> 0 | U84: =IFERROR(__xludf.DUMMYFUNCTION("""COMPUTED_VALUE"""),0.0) -> 0 | V84: =IFERROR(__xludf.DUMMYFUNCTION("""COMPUTED_VALUE"""),0.0) -> 0
B85: 2 | C85: =IFERROR(__xludf.DUMMYFUNCTION("""COMPUTED_VALUE"""),"Sunayah") -> Sunayah | D85: =IFERROR(__xludf.DUMMYFUNCTION("""COMPUTED_VALUE"""),"Sunayah Arshad") -> Sunayah Arshad | G85: =IFERROR(__xludf.DUMMYFUNCTION("""COMPUTED_VALUE"""),"London") -> London | I85: =IFERROR(__xludf.DUMMYFUNCTION("""COMPUTED_VALUE"""),"DJ") -> DJ | J85: =IFERROR(__xludf.DUMMYFUNCTION("""COMPUTED_VALUE"""),"house, amapiano, baile funk, uk funky, RnB") -> house, amapiano, baile funk, uk funky, RnB | K85: =IFERROR(__xludf.DUMMYFUNCTION("""COMPUTED_VALUE"""),"sunayah.arshad@gmail.com") -> sunayah.arshad@gmail.com | L85: =IFERROR(__xludf.DUMMYFUNCTION("""COMPUTED_VALUE"""),"https://www.instagram.com/sunayah._/?hl=en") -> https://www.instagram.com/sunayah._/?hl=en | M85: =IFERROR(__xludf.DUMMYFUNCTION("""COMPUTED_VALUE"""),"https://soundcloud.com/sunayah") -> https://soundcloud.com/sunayah | P85: =IFERROR(__xludf.DUMMYFUNCTION("""COMPUTED_VALUE"""),"https://soundcloud.com/sunayah") -> https://soundcloud.com/sunayah | Q85: =IFERROR(__xludf.DUMMYFUNCTION("""COMPUTED_VALUE"""),0.0) -> 0 | R85: =IFERROR(__xludf.DUMMYFUNCTION("""COMPUTED_VALUE"""),"#N/A") -> #N/A | S85: =IFERROR(__xludf.DUMMYFUNCTION("""COMPUTED_VALUE"""),0.0) -> 0 | T85: =IFERROR(__xludf.DUMMYFUNCTION("""COMPUTED_VALUE"""),0.0) -> 0 | U85: =IFERROR(__xludf.DUMMYFUNCTION("""COMPUTED_VALUE"""),0.0) -> 0 | V85: =IFERROR(__xludf.DUMMYFUNCTION("""COMPUTED_VALUE"""),0.0) -> 0

Sheet Booking Responses
A1: =IFERROR(__xludf.DUMMYFUNCTION("Query(IMPORTRANGE(""https://docs.google.com/spreadsheets/d/1BaKX4MM9GkwM-I9dLTp5s80b0ysFrXfR_JzPzDQVK30/edit"", ""Form Responses 1!A:U""))"),"Timestamp") -> Timestamp | B1: =IFERROR(__xludf.DUMMYFUNCTION("""COMPUTED_VALUE"""),"Email Address") -> Email Address | C1: =IFERROR(__xludf.DUMMYFUNCTION("""COMPUTED_VALUE"""),"Name of Event") -> Name of Event | D1: =IFERROR(__xludf.DUMMYFUNCTION("""COMPUTED_VALUE"""),"Date of Event") -> Date of Event | E1: =IFERROR(__xludf.DUMMYFUNCTION("""COMPUTED_VALUE"""),"Event Type ") -> Event Type | F1: =IFERROR(__xludf.DUMMYFUNCTION("""COMPUTED_VALUE"""),"Unique Artist ID (See Roster DB)") -> Unique Artist ID (See Roster DB) | G1: =IFERROR(__xludf.DUMMYFUNCTION("""COMPUTED_VALUE"""),"Name of Submitter") -> Name of Submitter | H1: =IFERROR(__xludf.DUMMYFUNCTION("""COMPUTED_VALUE"""),"") | I1: =IFERROR(__xludf.DUMMYFUNCTION("""COMPUTED_VALUE"""),"") | J1: =IFERROR(__xludf.DUMMYFUNCTION("""COMPUTED_VALUE"""),"") | K1: =IFERROR(__xludf.DUMMYFUNCTION("""COMPUTED_VALUE"""),"") | L1: =IFERROR(__xludf.DUMMYFUNCTION("""COMPUTED_VALUE"""),"") | M1: =IFERROR(__xludf.DUMMYFUNCTION("""COMPUTED_VALUE"""),"")
A2: =IFERROR(__xludf.DUMMYFUNCTION("""COMPUTED_VALUE"""),44796.79144502315) -> 44796.791 | B2: =IFERROR(__xludf.DUMMYFUNCTION("""COMPUTED_VALUE"""),"info@daytimers.org") -> info@daytimers.org | C2: =IFERROR(__xludf.DUMMYFUNCTION("""COMPUTED_VALUE"""),"Test") -> Test | D2: =IFERROR(__xludf.DUMMYFUNCTION("""COMPUTED_VALUE"""),44796.0) -> 44796 | E2: =IFERROR(__xludf.DUMMYFUNCTION("""COMPUTED_VALUE"""),"Small (Bar, Exhibitions, Charity Events, Restaurants)") -> Small (Bar, Exhibitions, Charity Events, Restaurants) | F2: =IFERROR(__xludf.DUMMYFUNCTION("""COMPUTED_VALUE"""),200.0) -> 200 | G2: =IFERROR(__xludf.DUMMYFUNCTION("""COMPUTED_VALUE"""),"Dhillon") -> Dhillon
A3: =IFERROR(__xludf.DUMMYFUNCTION("""COMPUTED_VALUE"""),44799.52683106482) -> 44799.527 | B3: =IFERROR(__xludf.DUMMYFUNCTION("""COMPUTED_VALUE"""),"info@daytimers.org") -> info@daytimers.org | C3: =IFERROR(__xludf.DUMMYFUNCTION("""COMPUTED_VALUE"""),"Fabric") -> Fabric | D3: =IFERROR(__xludf.DUMMYFUNCTION("""COMPUTED_VALUE"""),44799.0) -> 44799 | E3: =IFERROR(__xludf.DUMMYFUNCTION("""COMPUTED_VALUE"""),"Medium (Medium Sized Club, Corsica, Fabric etc)") -> Medium (Medium Sized Club, Corsica, Fabric etc) | F3: =IFERROR(__xludf.DUMMYFUNCTION("""COMPUTED_VALUE"""),200.0) -> 200 | G3: =IFERROR(__xludf.DUMMYFUNCTION("""COMPUTED_VALUE"""),"Dhillon") -> Dhillon
A4: =IFERROR(__xludf.DUMMYFUNCTION("""COMPUTED_VALUE"""),44799.52710584491) -> 44799.527 | B4: =IFERROR(__xludf.DUMMYFUNCTION("""COMPUTED_VALUE"""),"info@daytimers.org") -> info@daytimers.org | C4: =IFERROR(__xludf.DUMMYFUNCTION("""COMPUTED_VALUE"""),"Boomtown") -> Boomtown | D4: =IFERROR(__xludf.DUMMYFUNCTION("""COMPUTED_VALUE"""),44788.0) -> 44788 | E4: =IFERROR(__xludf.DUMMYFUNCTION("""COMPUTED_VALUE"""),"Large (Open Air Festival, Boiler Room Streaming)") -> Large (Open Air Festival, Boiler Room Streaming) | F4: =IFERROR(__xludf.DUMMYFUNCTION("""COMPUTED_VALUE"""),201.0) -> 201 | G4: =IFERROR(__xludf.DUMMYFUNCTION("""COMPUTED_VALUE"""),"Dhillon") -> Dhillon
A5: =IFERROR(__xludf.DUMMYFUNCTION("""COMPUTED_VALUE"""),44799.52750873842) -> 44799.528 | B5: =IFERROR(__xludf.DUMMYFUNCTION("""COMPUTED_VALUE"""),"info@daytimers.org") -> info@daytimers.org | C5: =IFERROR(__xludf.DUMMYFUNCTION("""COMPUTED_VALUE"""),"Charity event") -> Charity event | D5: =IFERROR(__xludf.DUMMYFUNCTION("""COMPUTED_VALUE"""),44795.0) -> 44795 | E5: =IFERROR(__xludf.DUMMYFUNCTION("""COMPUTED_VALUE"""),"Small (Bar, Exhibitions, Charity Events, Restaurants)") -> Small (Bar, Exhibitions, Charity Events, Restaurants) | F5: =IFERROR(__xludf.DUMMYFUNCTION("""COMPUTED_VALUE"""),201.0) -> 201 | G5: =IFERROR(__xludf.DUMMYFUNCTION("""COMPUTED_VALUE"""),"Dhillon") -> Dhillon
A6: =IFERROR(__xludf.DUMMYFUNCTION("""COMPUTED_VALUE"""),44831.78383861111) -> 44831.784 | B6: =IFERROR(__xludf.DUMMYFUNCTION("""COMPUTED_VALUE"""),"darama.dj@gmail.com") -> darama.dj@gmail.com | C6: =IFERROR(__xludf.DUMMYFUNCTION("""COMPUTED_VALUE"""),"Boiler Room") -> Boiler Room | D6: =IFERROR(__xludf.DUMMYFUNCTION("""COMPUTED_VALUE"""),44413.0) -> 44413 | E6: =IFERROR(__xludf.DUMMYFUNCTION("""COMPUTED_VALUE"""),"Large (Open Air Festival, Boiler Room Streaming)") -> Large (Open Air Festival, Boiler Room Streaming) | F6: =IFERROR(__xludf.DUMMYFUNCTION("""COMPUTED_VALUE"""),212.0) -> 212 | G6: =IFERROR(__xludf.DUMMYFUNCTION("""COMPUTED_VALUE"""),"Dhillon") -> Dhillon
A7: =IFERROR(__xludf.DUMMYFUNCTION("""COMPUTED_VALUE"""),44831.78493569445) -> 44831.785 | B7: =IFERROR(__xludf.DUMMYFUNCTION("""COMPUTED_VALUE"""),"darama.dj@gmail.com") -> darama.dj@gmail.com | C7: =IFERROR(__xludf.DUMMYFUNCTION("""COMPUTED_VALUE"""),"Boiler Room") -> Boiler Room | D7: =IFERROR(__xludf.DUMMYFUNCTION("""COMPUTED_VALUE"""),44413.0) -> 44413 | E7: =IFERROR(__xludf.DUMMYFUNCTION("""COMPUTED_VALUE"""),"Large (Open Air Festival, Boiler Room Streaming)") -> Large (Open Air Festival, Boiler Room Streaming) | F7: =IFERROR(__xludf.DUMMYFUNCTION("""COMPUTED_VALUE"""),216.0) -> 216 | G7: =IFERROR(__xludf.DUMMYFUNCTION("""COMPUTED_VALUE"""),"Dhillon") -> Dhillon
A8: =IFERROR(__xludf.DUMMYFUNCTION("""COMPUTED_VALUE"""),44831.785656284716) -> 44831.786 | B8: =IFERROR(__xludf.DUMMYFUNCTION("""COMPUTED_VALUE"""),"darama.dj@gmail.com") -> darama.dj@gmail.com | C8: =IFERROR(__xludf.DUMMYFUNCTION("""COMPUTED_VALUE"""),"Boiler Room") -> Boiler Room | D8: =IFERROR(__xludf.DUMMYFUNCTION("""COMPUTED_VALUE"""),44413.0) -> 44413 | E8: =IFERROR(__xludf.DUMMYFUNCTION("""COMPUTED_VALUE"""),"Large (Open Air Festival, Boiler Room Streaming)") -> Large (Open Air Festival, Boiler Room Streaming) | F8: =IFERROR(__xludf.DUMMYFUNCTION("""COMPUTED_VALUE"""),263.0) -> 263 | G8: =IFERROR(__xludf.DUMMYFUNCTION("""COMPUTED_VALUE"""),"Dhillon") -> Dhillon
A9: =IFERROR(__xludf.DUMMYFUNCTION("""COMPUTED_VALUE"""),44831.78632378472) -> 44831.786 | B9: =IFERROR(__xludf.DUMMYFUNCTION("""COMPUTED_VALUE"""),"darama.dj@gmail.com") -> darama.dj@gmail.com | C9: =IFERROR(__xludf.DUMMYFUNCTION("""COMPUTED_VALUE"""),"Boiler Room") -> Boiler Room | D9: =IFERROR(__xludf.DUMMYFUNCTION("""COMPUTED_VALUE"""),44413.0) -> 44413 | E9: =IFERROR(__xludf.DUMMYFUNCTION("""COMPUTED_VALUE"""),"Large (Open Air Festival, Boiler Room Streaming)") -> Large (Open Air Festival, Boiler Room Streaming) | F9: =IFERROR(__xludf.DUMMYFUNCTION("""COMPUTED_VALUE"""),262.0) -> 262 | G9: =IFERROR(__xludf.DUMMYFUNCTION("""COMPUTED_VALUE"""),"Dhillon") -> Dhillon
A10: =IFERROR(__xludf.DUMMYFUNCTION("""COMPUTED_VALUE"""),44831.7868677662) -> 44831.787 | B10: =IFERROR(__xludf.DUMMYFUNCTION("""COMPUTED_VALUE"""),"Darama.dj@gmail.com") -> Darama.dj@gmail.com | C10: =IFERROR(__xludf.DUMMYFUNCTION("""COMPUTED_VALUE"""),"Boiler Room") -> Boiler Room | D10: =IFERROR(__xludf.DUMMYFUNCTION("""COMPUTED_VALUE"""),44413.0) -> 44413 | E10: =IFERROR(__xludf.DUMMYFUNCTION("""COMPUTED_VALUE"""),"Large (Open Air Festival, Boiler Room Streaming)") -> Large (Open Air Festival, Boiler Room Streaming) | F10: =IFERROR(__xludf.DUMMYFUNCTION("""COMPUTED_VALUE"""),264.0) -> 264 | G10: =IFERROR(__xludf.DUMMYFUNCTION("""COMPUTED_VALUE"""),"Dhillon") -> Dhillon
A11: =IFERROR(__xludf.DUMMYFUNCTION("""COMPUTED_VALUE"""),44839.976439247686) -> 44839.976 | B11: =IFERROR(__xludf.DUMMYFUNCTION("""COMPUTED_VALUE"""),"amadilyas@gmail.com") -> amadilyas@gmail.com | C11: =IFERROR(__xludf.DUMMYFUNCTION("""COMPUTED_VALUE"""),"Body Movements 2022") -> Body Movements 2022 | D11: =IFERROR(__xludf.DUMMYFUNCTION("""COMPUTED_VALUE"""),44772.0) -> 44772 | E11: =IFERROR(__xludf.DUMMYFUNCTION("""COMPUTED_VALUE"""),"Medium (Medium Sized Club, Corsica, Fabric etc)") -> Medium (Medium Sized Club, Corsica, Fabric etc) | F11: =IFERROR(__xludf.DUMMYFUNCTION("""COMPUTED_VALUE"""),265.0) -> 265 | G11: =IFERROR(__xludf.DUMMYFUNCTION("""COMPUTED_VALUE"""),"Sherwyn") -> Sherwyn
A12: =IFERROR(__xludf.DUMMYFUNCTION("""COMPUTED_VALUE"""),44839.977315324075) -> 44839.977 | B12: =IFERROR(__xludf.DUMMYFUNCTION("""COMPUTED_VALUE"""),"anji.jelly@hotmail.com") -> anji.jelly@hotmail.com | C12: =IFERROR(__xludf.DUMMYFUNCTION("""COMPUTED_VALUE"""),"Body Movements 2022") -> Body Movements 2022 | D12: =IFERROR(__xludf.DUMMYFUNCTION("""COMPUTED_VALUE"""),44772.0) -> 44772 | E12: =IFERROR(__xludf.DUMMYFUNCTION("""COMPUTED_VALUE"""),"Medium (Medium Sized Club, Corsica, Fabric etc)") -> Medium (Medium Sized Club, Corsica, Fabric etc) | F12: =IFERROR(__xludf.DUMMYFUNCTION("""COMPUTED_VALUE"""),267.0) -> 267 | G12: =IFERROR(__xludf.DUMMYFUNCTION("""COMPUTED_VALUE"""),"Sherwyn") -> Sherwyn
A13: =IFERROR(__xludf.DUMMYFUNCTION("""COMPUTED_VALUE"""),44839.97898431714) -> 44839.979 | B13: =IFERROR(__xludf.DUMMYFUNCTION("""COMPUTED_VALUE"""),"riva999music@gmail.com") -> riva999music@gmail.com | C13: =IFERROR(__xludf.DUMMYFUNCTION("""COMPUTED_VALUE"""),"Body Movements 2022") -> Body Movements 2022 | D13: =IFERROR(__xludf.DUMMYFUNCTION("""COMPUTED_VALUE"""),44772.0) -> 44772 | E13: =IFERROR(__xludf.DUMMYFUNCTION("""COMPUTED_VALUE"""),"Medium (Medium Sized Club, Corsica, Fabric etc)") -> Medium (Medium Sized Club, Corsica, Fabric etc) | F13: =IFERROR(__xludf.DUMMYFUNCTION("""COMPUTED_VALUE"""),318.0) -> 318 | G13: =IFERROR(__xludf.DUMMYFUNCTION("""COMPUTED_VALUE"""),"Sherwyn") -> Sherwyn
A14: =IFERROR(__xludf.DUMMYFUNCTION("""COMPUTED_VALUE"""),44839.97976836806) -> 44839.98 | B14: =IFERROR(__xludf.DUMMYFUNCTION("""COMPUTED_VALUE"""),"sitashahsworld@gmail.com") -> sitashahsworld@gmail.com | C14: =IFERROR(__xludf.DUMMYFUNCTION("""COMPUTED_VALUE"""),"Body Movements 2022") -> Body Movements 2022 | D14: =IFERROR(__xludf.DUMMYFUNCTION("""COMPUTED_VALUE"""),44772.0) -> 44772 | E14: =IFERROR(__xludf.DUMMYFUNCTION("""COMPUTED_VALUE"""),"Medium (Medium Sized Club, Corsica, Fabric etc)") -> Medium (Medium Sized Club, Corsica, Fabric etc) | F14: =IFERROR(__xludf.DUMMYFUNCTION("""COMPUTED_VALUE"""),206.0) -> 206 | G14: =IFERROR(__xludf.DUMMYFUNCTION("""COMPUTED_VALUE"""),"Sherwyn") -> Sherwyn
A15: =IFERROR(__xludf.DUMMYFUNCTION("""COMPUTED_VALUE"""),44839.98022965278) -> 44839.98 | B15: =IFERROR(__xludf.DUMMYFUNCTION("""COMPUTED_VALUE"""),"chandedeejay@gmail.com") -> chandedeejay@gmail.com | C15: =IFERROR(__xludf.DUMMYFUNCTION("""COMPUTED_VALUE"""),"Boomtown: Street Stage Takeover") -> Boomtown: Street Stage Takeover | D15: =IFERROR(__xludf.DUMMYFUNCTION("""COMPUTED_VALUE"""),44786.0) -> 44786 | E15: =IFERROR(__xludf.DUMMYFUNCTION("""COMPUTED_VALUE"""),"Large (Open Air Festival, Boiler Room Streaming)") -> Large (Open Air Festival, Boiler Room Streaming) | F15: =IFERROR(__xludf.DUMMYFUNCTION("""COMPUTED_VALUE"""),264.0) -> 264 | G15: =IFERROR(__xludf.DUMMYFUNCTION("""COMPUTED_VALUE"""),"Sherwyn") -> Sherwyn
A16: =IFERROR(__xludf.DUMMYFUNCTION("""COMPUTED_VALUE"""),44839.98094202547) -> 44839.981 | B16: =IFERROR(__xludf.DUMMYFUNCTION("""COMPUTED_VALUE"""),"Darama.dj@gmail.com") -> Darama.dj@gmail.com | C16: =IFERROR(__xludf.DUMMYFUNCTION("""COMPUTED_VALUE"""),"Boomtown: Street Stage Takeover") -> Boomtown: Street Stage Takeover | D16: =IFERROR(__xludf.DUMMYFUNCTION("""COMPUTED_VALUE"""),44786.0) -> 44786 | E16: =IFERROR(__xludf.DUMMYFUNCTION("""COMPUTED_VALUE"""),"Large (Open Air Festival, Boiler Room Streaming)") -> Large (Open Air Festival, Boiler Room Streaming) | F16: =IFERROR(__xludf.DUMMYFUNCTION("""COMPUTED_VALUE"""),244.0) -> 244 | G16: =IFERROR(__xludf.DUMMYFUNCTION("""COMPUTED_VALUE"""),"Sherwyn") -> Sherwyn
A17: =IFERROR(__xludf.DUMMYFUNCTION("""COMPUTED_VALUE"""),44839.981550474535) -> 44839.982 | B17: =IFERROR(__xludf.DUMMYFUNCTION("""COMPUTED_VALUE"""),"akajameela@gmail.com") -> akajameela@gmail.com | C17: =IFERROR(__xludf.DUMMYFUNCTION("""COMPUTED_VALUE"""),"Boomtown: Street Stage Takeover") -> Boomtown: Street Stage Takeover | D17: =IFERROR(__xludf.DUMMYFUNCTION("""COMPUTED_VALUE"""),44786.0) -> 44786 | E17: =IFERROR(__xludf.DUMMYFUNCTION("""COMPUTED_VALUE"""),"Large (Open Air Festival, Boiler Room Streaming)") -> Large (Open Air Festival, Boiler Room Streaming) | F17: =IFERROR(__xludf.DUMMYFUNCTION("""COMPUTED_VALUE"""),284.0) -> 284 | G17: =IFERROR(__xludf.DUMMYFUNCTION("""COMPUTED_VALUE"""),"Sherwyn") -> Sherwyn
A18: =IFERROR(__xludf.DUMMYFUNCTION("""COMPUTED_VALUE"""),44839.98197351852) -> 44839.982 | B18: =IFERROR(__xludf.DUMMYFUNCTION("""COMPUTED_VALUE"""),"kxmonday@hotmail.com") -> kxmonday@hotmail.com | C18: =IFERROR(__xludf.DUMMYFUNCTION("""COMPUTED_VALUE"""),"Boomtown: Street Stage Takeover") -> Boomtown: Street Stage Takeover | D18: =IFERROR(__xludf.DUMMYFUNCTION("""COMPUTED_VALUE"""),44786.0) -> 44786 | E18: =IFERROR(__xludf.DUMMYFUNCTION("""COMPUTED_VALUE"""),"Large (Open Air Festival, Boiler Room Streaming)") -> Large (Open Air Festival, Boiler Room Streaming) | F18: =IFERROR(__xludf.DUMMYFUNCTION("""COMPUTED_VALUE"""),218.0) -> 218 | G18: =IFERROR(__xludf.DUMMYFUNCTION("""COMPUTED_VALUE"""),"Sherwyn") -> Sherwyn
A19: =IFERROR(__xludf.DUMMYFUNCTION("""COMPUTED_VALUE"""),44839.98242861111) -> 44839.982 | B19: =IFERROR(__xludf.DUMMYFUNCTION("""COMPUTED_VALUE"""),"djranidnb@gmail.com") -> djranidnb@gmail.com | C19: =IFERROR(__xludf.DUMMYFUNCTION("""COMPUTED_VALUE"""),"Boomtown: Street Stage Takeover") -> Boomtown: Street Stage Takeover | D19: =IFERROR(__xludf.DUMMYFUNCTION("""COMPUTED_VALUE"""),44786.0) -> 44786 | E19: =IFERROR(__xludf.DUMMYFUNCTION("""COMPUTED_VALUE"""),"Large (Open Air Festival, Boiler Room Streaming)") -> Large (Open Air Festival, Boiler Room Streaming) | F19: =IFERROR(__xludf.DUMMYFUNCTION("""COMPUTED_VALUE"""),313.0) -> 313 | G19: =IFERROR(__xludf.DUMMYFUNCTION("""COMPUTED_VALUE"""),"Sherwyn") -> Sherwyn
A20: =IFERROR(__xludf.DUMMYFUNCTION("""COMPUTED_VALUE"""),44839.9828377199) -> 44839.983 | B20: =IFERROR(__xludf.DUMMYFUNCTION("""COMPUTED_VALUE"""),"reachawhan@gmail.com") -> reachawhan@gmail.com | C20: =IFERROR(__xludf.DUMMYFUNCTION("""COMPUTED_VALUE"""),"Boomtown: Street Stage Takeover") -> Boomtown: Street Stage Takeover | D20: =IFERROR(__xludf.DUMMYFUNCTION("""COMPUTED_VALUE"""),44786.0) -> 44786 | E20: =IFERROR(__xludf.DUMMYFUNCTION("""COMPUTED_VALUE"""),"Large (Open Air Festival, Boiler Room Streaming)") -> Large (Open Air Festival, Boiler Room Streaming) | F20: =IFERROR(__xludf.DUMMYFUNCTION("""COMPUTED_VALUE"""),206.0) -> 206 | G20: =IFERROR(__xludf.DUMMYFUNCTION("""COMPUTED_VALUE"""),"Sherwyn") -> Sherwyn
A21: =IFERROR(__xludf.DUMMYFUNCTION("""COMPUTED_VALUE"""),44839.98328556713) -> 44839.983 | B21: =IFERROR(__xludf.DUMMYFUNCTION("""COMPUTED_VALUE"""),"somin.somatic@gmail.com") -> somin.somatic@gmail.com | C21: =IFERROR(__xludf.DUMMYFUNCTION("""COMPUTED_VALUE"""),"Boomtown: Street Stage Takeover") -> Boomtown: Street Stage Takeover | D21: =IFERROR(__xludf.DUMMYFUNCTION("""COMPUTED_VALUE"""),44786.0) -> 44786 | E21: =IFERROR(__xludf.DUMMYFUNCTION("""COMPUTED_VALUE"""),"Large (Open Air Festival, Boiler Room Streaming)") -> Large (Open Air Festival, Boiler Room Streaming) | F21: =IFERROR(__xludf.DUMMYFUNCTION("""COMPUTED_VALUE"""),208.0) -> 208 | G21: =IFERROR(__xludf.DUMMYFUNCTION("""COMPUTED_VALUE"""),"Sherwyn") -> Sherwyn
A22: =IFERROR(__xludf.DUMMYFUNCTION("""COMPUTED_VALUE"""),44839.98448502315) -> 44839.984 | B22: =IFERROR(__xludf.DUMMYFUNCTION("""COMPUTED_VALUE"""),"adjzar@gmail.com") -> adjzar@gmail.com | C22: =IFERROR(__xludf.DUMMYFUNCTION("""COMPUTED_VALUE"""),"Brainchild Festival 2021") -> Brainchild Festival 2021 | D22: =IFERROR(__xludf.DUMMYFUNCTION("""COMPUTED_VALUE"""),44414.0) -> 44414 | E22: =IFERROR(__xludf.DUMMYFUNCTION("""COMPUTED_VALUE"""),"Large (Open Air Festival, Boiler Room Streaming)") -> Large (Open Air Festival, Boiler Room Streaming) | F22: =IFERROR(__xludf.DUMMYFUNCTION("""COMPUTED_VALUE"""),202.0) -> 202 | G22: =IFERROR(__xludf.DUMMYFUNCTION("""COMPUTED_VALUE"""),"Sherwyn") -> Sherwyn
A23: =IFERROR(__xludf.DUMMYFUNCTION("""COMPUTED_VALUE"""),44839.98617197917) -> 44839.986 | B23: =IFERROR(__xludf.DUMMYFUNCTION("""COMPUTED_VALUE"""),"merabhaiiimusic@gmail.com") -> merabhaiiimusic@gmail.com | C23: =IFERROR(__xludf.DUMMYFUNCTION("""COMPUTED_VALUE"""),"Brainchild Festival 2021") -> Brainchild Festival 2021 | D23: =IFERROR(__xludf.DUMMYFUNCTION("""COMPUTED_VALUE"""),44414.0) -> 44414 | E23: =IFERROR(__xludf.DUMMYFUNCTION("""COMPUTED_VALUE"""),"Large (Open Air Festival, Boiler Room Streaming)") -> Large (Open Air Festival, Boiler Room Streaming) | F23: =IFERROR(__xludf.DUMMYFUNCTION("""COMPUTED_VALUE"""),223.0) -> 223 | G23: =IFERROR(__xludf.DUMMYFUNCTION("""COMPUTED_VALUE"""),"Sherwyn") -> Sherwyn
A24: =IFERROR(__xludf.DUMMYFUNCTION("""COMPUTED_VALUE"""),44839.98639138889) -> 44839.986 | B24: =IFERROR(__xludf.DUMMYFUNCTION("""COMPUTED_VALUE"""),"rohan@daytimers.org") -> rohan@daytimers.org | C24: =IFERROR(__xludf.DUMMYFUNCTION("""COMPUTED_VALUE"""),"Brainchild Festival 2021") -> Brainchild Festival 2021 | D24: =IFERROR(__xludf.DUMMYFUNCTION("""COMPUTED_VALUE"""),44414.0) -> 44414 | E24: =IFERROR(__xludf.DUMMYFUNCTION("""COMPUTED_VALUE"""),"Large (Open Air Festival, Boiler Room Streaming)") -> Large (Open Air Festival, Boiler Room Streaming) | F24: =IFERROR(__xludf.DUMMYFUNCTION("""COMPUTED_VALUE"""),216.0) -> 216 | G24: =IFERROR(__xludf.DUMMYFUNCTION("""COMPUTED_VALUE"""),"Sherwyn") -> Sherwyn
A25: =IFERROR(__xludf.DUMMYFUNCTION("""COMPUTED_VALUE"""),44839.986771041666) -> 44839.987 | B25: =IFERROR(__xludf.DUMMYFUNCTION("""COMPUTED_VALUE"""),"chandedeejay@gmail.com") -> chandedeejay@gmail.com | C25: =IFERROR(__xludf.DUMMYFUNCTION("""COMPUTED_VALUE"""),"COP-26 Blowout: Daytimers 2 Hour B2B") -> COP-26 Blowout: Daytimers 2 Hour B2B | D25: =IFERROR(__xludf.DUMMYFUNCTION("""COMPUTED_VALUE"""),44513.0) -> 44513 | E25: =IFERROR(__xludf.DUMMYFUNCTION("""COMPUTED_VALUE"""),"Medium (Medium Sized Club, Corsica, Fabric etc)") -> Medium (Medium Sized Club, Corsica, Fabric etc) | F25: =IFERROR(__xludf.DUMMYFUNCTION("""COMPUTED_VALUE"""),264.0) -> 264 | G25: =IFERROR(__xludf.DUMMYFUNCTION("""COMPUTED_VALUE"""),"Sherwyn") -> Sherwyn
A26: =IFERROR(__xludf.DUMMYFUNCTION("""COMPUTED_VALUE"""),44839.987558518515) -> 44839.988 | B26: =IFERROR(__xludf.DUMMYFUNCTION("""COMPUTED_VALUE"""),"majpri95@gmail.com") -> majpri95@gmail.com | C26: =IFERROR(__xludf.DUMMYFUNCTION("""COMPUTED_VALUE"""),"COP-26 Blowout: Daytimers 2 Hour B2B") -> COP-26 Blowout: Daytimers 2 Hour B2B | D26: =IFERROR(__xludf.DUMMYFUNCTION("""COMPUTED_VALUE"""),44513.0) -> 44513 | E26: =IFERROR(__xludf.DUMMYFUNCTION("""COMPUTED_VALUE"""),"Medium (Medium Sized Club, Corsica, Fabric etc)") -> Medium (Medium Sized Club, Corsica, Fabric etc) | F26: =IFERROR(__xludf.DUMMYFUNCTION("""COMPUTED_VALUE"""),214.0) -> 214 | G26: =IFERROR(__xludf.DUMMYFUNCTION("""COMPUTED_VALUE"""),"Sherwyn") -> Sherwyn
A27: =IFERROR(__xludf.DUMMYFUNCTION("""COMPUTED_VALUE"""),44839.98805734954) -> 44839.988 | B27: =IFERROR(__xludf.DUMMYFUNCTION("""COMPUTED_VALUE"""),"provhatr@gmail.com") -> provhatr@gmail.com | C27: =IFERROR(__xludf.DUMMYFUNCTION("""COMPUTED_VALUE"""),"COP-26 Blowout: Daytimers 2 Hour B2B") -> COP-26 Blowout: Daytimers 2 Hour B2B | D27: =IFERROR(__xludf.DUMMYFUNCTION("""COMPUTED_VALUE"""),44513.0) -> 44513 | E27: =IFERROR(__xludf.DUMMYFUNCTION("""COMPUTED_VALUE"""),"Medium (Medium Sized Club, Corsica, Fabric etc)") -> Medium (Medium Sized Club, Corsica, Fabric etc) | F27: =IFERROR(__xludf.DUMMYFUNCTION("""COMPUTED_VALUE"""),222.0) -> 222 | G27: =IFERROR(__xludf.DUMMYFUNCTION("""COMPUTED_VALUE"""),"Sherwyn") -> Sherwyn
A28: =IFERROR(__xludf.DUMMYFUNCTION("""COMPUTED_VALUE"""),44839.98846332176) -> 44839.988 | B28: =IFERROR(__xludf.DUMMYFUNCTION("""COMPUTED_VALUE"""),"darama@daytimers.org") -> darama@daytimers.org | C28: =IFERROR(__xludf.DUMMYFUNCTION("""COMPUTED_VALUE"""),"Corsica Studios: 20/05/2022") -> Corsica Studios: 20/05/2022 | D28: =IFERROR(__xludf.DUMMYFUNCTION("""COMPUTED_VALUE"""),44701.0) -> 44701 | E28: =IFERROR(__xludf.DUMMYFUNCTION("""COMPUTED_VALUE"""),"Medium (Medium Sized Club, Corsica, Fabric etc)") -> Medium (Medium Sized Club, Corsica, Fabric etc) | F28: =IFERROR(__xludf.DUMMYFUNCTION("""COMPUTED_VALUE"""),244.0) -> 244 | G28: =IFERROR(__xludf.DUMMYFUNCTION("""COMPUTED_VALUE"""),"Sherwyn") -> Sherwyn
A29: =IFERROR(__xludf.DUMMYFUNCTION("""COMPUTED_VALUE"""),44839.98894621528) -> 44839.989 | B29: =IFERROR(__xludf.DUMMYFUNCTION("""COMPUTED_VALUE"""),"freshtainfo@gmail.com") -> freshtainfo@gmail.com | C29: =IFERROR(__xludf.DUMMYFUNCTION("""COMPUTED_VALUE"""),"Corsica Studios: 20/05/2022") -> Corsica Studios: 20/05/2022 | D29: =IFERROR(__xludf.DUMMYFUNCTION("""COMPUTED_VALUE"""),44701.0) -> 44701 | E29: =IFERROR(__xludf.DUMMYFUNCTION("""COMPUTED_VALUE"""),"Medium (Medium Sized Club, Corsica, Fabric etc)") -> Medium (Medium Sized Club, Corsica, Fabric etc) | F29: =IFERROR(__xludf.DUMMYFUNCTION("""COMPUTED_VALUE"""),209.0) -> 209 | G29: =IFERROR(__xludf.DUMMYFUNCTION("""COMPUTED_VALUE"""),"Sherwyn") -> Sherwyn
A30: =IFERROR(__xludf.DUMMYFUNCTION("""COMPUTED_VALUE"""),44839.98944002314) -> 44839.989 | B30: =IFERROR(__xludf.DUMMYFUNCTION("""COMPUTED_VALUE"""),"music@kishan.co.uk") -> music@kishan.co.uk | C30: =IFERROR(__xludf.DUMMYFUNCTION("""COMPUTED_VALUE"""),"Corsica Studios: 20/05/2022") -> Corsica Studios: 20/05/2022 | D30: =IFERROR(__xludf.DUMMYFUNCTION("""COMPUTED_VALUE"""),44701.0) -> 44701 | E30: =IFERROR(__xludf.DUMMYFUNCTION("""COMPUTED_VALUE"""),"Medium (Medium Sized Club, Corsica, Fabric etc)") -> Medium (Medium Sized Club, Corsica, Fabric etc) | F30: =IFERROR(__xludf.DUMMYFUNCTION("""COMPUTED_VALUE"""),213.0) -> 213 | G30: =IFERROR(__xludf.DUMMYFUNCTION("""COMPUTED_VALUE"""),"Sherwyn") -> Sherwyn
A31: =IFERROR(__xludf.DUMMYFUNCTION("""COMPUTED_VALUE"""),44839.99355479167) -> 44839.994 | B31: =IFERROR(__xludf.DUMMYFUNCTION("""COMPUTED_VALUE"""),"beatsformanj@gmail.com") -> beatsformanj@gmail.com | C31: =IFERROR(__xludf.DUMMYFUNCTION("""COMPUTED_VALUE"""),"Corsica Studios: 20/05/2022") -> Corsica Studios: 20/05/2022 | D31: =IFERROR(__xludf.DUMMYFUNCTION("""COMPUTED_VALUE"""),44701.0) -> 44701 | E31: =IFERROR(__xludf.DUMMYFUNCTION("""COMPUTED_VALUE"""),"Medium (Medium Sized Club, Corsica, Fabric etc)") -> Medium (Medium Sized Club, Corsica, Fabric etc) | F31: =IFERROR(__xludf.DUMMYFUNCTION("""COMPUTED_VALUE"""),220.0) -> 220 | G31: =IFERROR(__xludf.DUMMYFUNCTION("""COMPUTED_VALUE"""),"Sherwyn") -> Sherwyn
A32: =IFERROR(__xludf.DUMMYFUNCTION("""COMPUTED_VALUE"""),44839.99381730324) -> 44839.994 | B32: =IFERROR(__xludf.DUMMYFUNCTION("""COMPUTED_VALUE"""),"merabhaiiimusic@gmail.com") -> merabhaiiimusic@gmail.com | C32: =IFERROR(__xludf.DUMMYFUNCTION("""COMPUTED_VALUE"""),"Corsica Studios: 20/05/2022") -> Corsica Studios: 20/05/2022 | D32: =IFERROR(__xludf.DUMMYFUNCTION("""COMPUTED_VALUE"""),44701.0) -> 44701 | E32: =IFERROR(__xludf.DUMMYFUNCTION("""COMPUTED_VALUE"""),"Medium (Medium Sized Club, Corsica, Fabric etc)") -> Medium (Medium Sized Club, Corsica, Fabric etc) | F32: =IFERROR(__xludf.DUMMYFUNCTION("""COMPUTED_VALUE"""),223.0) -> 223 | G32: =IFERROR(__xludf.DUMMYFUNCTION("""COMPUTED_VALUE"""),"Sherwyn") -> Sherwyn
A33: =IFERROR(__xludf.DUMMYFUNCTION("""COMPUTED_VALUE"""),44839.995555995374) -> 44839.996 | B33: =IFERROR(__xludf.DUMMYFUNCTION("""COMPUTED_VALUE"""),"monophonikmusic@gmail.com") -> monophonikmusic@gmail.com | C33: =IFERROR(__xludf.DUMMYFUNCTION("""COMPUTED_VALUE"""),"Corsica Studios: 20/05/2022") -> Corsica Studios: 20/05/2022 | D33: =IFERROR(__xludf.DUMMYFUNCTION("""COMPUTED_VALUE"""),44701.0) -> 44701 | E33: =IFERROR(__xludf.DUMMYFUNCTION("""COMPUTED_VALUE"""),"Medium (Medium Sized Club, Corsica, Fabric etc)") -> Medium (Medium Sized Club, Corsica, Fabric etc) | F33: =IFERROR(__xludf.DUMMYFUNCTION("""COMPUTED_VALUE"""),296.0) -> 296 | G33: =IFERROR(__xludf.DUMMYFUNCTION("""COMPUTED_VALUE"""),"Sherwyn") -> Sherwyn
A34: =IFERROR(__xludf.DUMMYFUNCTION("""COMPUTED_VALUE"""),44839.99603137731) -> 44839.996 | B34: =IFERROR(__xludf.DUMMYFUNCTION("""COMPUTED_VALUE"""),"chirag@psylentmgmt.com") -> chirag@psylentmgmt.com | C34: =IFERROR(__xludf.DUMMYFUNCTION("""COMPUTED_VALUE"""),"Corsica Studios: 20/05/2022") -> Corsica Studios: 20/05/2022 | D34: =IFERROR(__xludf.DUMMYFUNCTION("""COMPUTED_VALUE"""),44701.0) -> 44701 | E34: =IFERROR(__xludf.DUMMYFUNCTION("""COMPUTED_VALUE"""),"Medium (Medium Sized Club, Corsica, Fabric etc)") -> Medium (Medium Sized Club, Corsica, Fabric etc) | F34: =IFERROR(__xludf.DUMMYFUNCTION("""COMPUTED_VALUE"""),309.0) -> 309 | G34: =IFERROR(__xludf.DUMMYFUNCTION("""COMPUTED_VALUE"""),"Sherwyn") -> Sherwyn
A35: =IFERROR(__xludf.DUMMYFUNCTION("""COMPUTED_VALUE"""),44839.996659687495) -> 44839.997 | B35: =IFERROR(__xludf.DUMMYFUNCTION("""COMPUTED_VALUE"""),"info@rajirags.com") -> info@rajirags.com | C35: =IFERROR(__xludf.DUMMYFUNCTION("""COMPUTED_VALUE"""),"Corsica Studios: 20/05/2022") -> Corsica Studios: 20/05/2022 | D35: =IFERROR(__xludf.DUMMYFUNCTION("""COMPUTED_VALUE"""),44701.0) -> 44701 | E35: =IFERROR(__xludf.DUMMYFUNCTION("""COMPUTED_VALUE"""),"Medium (Medium Sized Club, Corsica, Fabric etc)") -> Medium (Medium Sized Club, Corsica, Fabric etc) | F35: =IFERROR(__xludf.DUMMYFUNCTION("""COMPUTED_VALUE"""),312.0) -> 312 | G35: =IFERROR(__xludf.DUMMYFUNCTION("""COMPUTED_VALUE"""),"Sherwyn") -> Sherwyn
A36: =IFERROR(__xludf.DUMMYFUNCTION("""COMPUTED_VALUE"""),44839.9981965162) -> 44839.998 | B36: =IFERROR(__xludf.DUMMYFUNCTION("""COMPUTED_VALUE"""),"veronika@stimulusmgmt.com") -> veronika@stimulusmgmt.com | C36: =IFERROR(__xludf.DUMMYFUNCTION("""COMPUTED_VALUE"""),"Corsica Studios: 20/05/2022") -> Corsica Studios: 20/05/2022 | D36: =IFERROR(__xludf.DUMMYFUNCTION("""COMPUTED_VALUE"""),44701.0) -> 44701 | E36: =IFERROR(__xludf.DUMMYFUNCTION("""COMPUTED_VALUE"""),"Medium (Medium Sized Club, Corsica, Fabric etc)") -> Medium (Medium Sized Club, Corsica, Fabric etc) | F36: =IFERROR(__xludf.DUMMYFUNCTION("""COMPUTED_VALUE"""),330.0) -> 330 | G36: =IFERROR(__xludf.DUMMYFUNCTION("""COMPUTED_VALUE"""),"Sherwyn") -> Sherwyn
A37: =IFERROR(__xludf.DUMMYFUNCTION("""COMPUTED_VALUE"""),44839.99892091435) -> 44839.999 | B37: =IFERROR(__xludf.DUMMYFUNCTION("""COMPUTED_VALUE"""),"sunayah.arshad@gmail.com") -> sunayah.arshad@gmail.com | C37: =IFERROR(__xludf.DUMMYFUNCTION("""COMPUTED_VALUE"""),"Corsica Studios: 20/05/2022") -> Corsica Studios: 20/05/2022 | D37: =IFERROR(__xludf.DUMMYFUNCTION("""COMPUTED_VALUE"""),44701.0) -> 44701 | E37: =IFERROR(__xludf.DUMMYFUNCTION("""COMPUTED_VALUE"""),"Medium (Medium Sized Club, Corsica, Fabric etc)") -> Medium (Medium Sized Club, Corsica, Fabric etc) | F37: =IFERROR(__xludf.DUMMYFUNCTION("""COMPUTED_VALUE"""),226.0) -> 226 | G37: =IFERROR(__xludf.DUMMYFUNCTION("""COMPUTED_VALUE"""),"Sherwyn") -> Sherwyn
A38: =IFERROR(__xludf.DUMMYFUNCTION("""COMPUTED_VALUE"""),44840.000700937504) -> 44840.001 | B38: =IFERROR(__xludf.DUMMYFUNCTION("""COMPUTED_VALUE"""),"yourboykiran@gmail.com") -> yourboykiran@gmail.com | C38: =IFERROR(__xludf.DUMMYFUNCTION("""COMPUTED_VALUE"""),"Corsica Studios: 20/05/2022") -> Corsica Studios: 20/05/2022 | D38: =IFERROR(__xludf.DUMMYFUNCTION("""COMPUTED_VALUE"""),44701.0) -> 44701 | E38: =IFERROR(__xludf.DUMMYFUNCTION("""COMPUTED_VALUE"""),"Medium (Medium Sized Club, Corsica, Fabric etc)") -> Medium (Medium Sized Club, Corsica, Fabric etc) | F38: =IFERROR(__xludf.DUMMYFUNCTION("""COMPUTED_VALUE"""),255.0) -> 255 | G38: =IFERROR(__xludf.DUMMYFUNCTION("""COMPUTED_VALUE"""),"Sherwyn") -> Sherwyn
A39: =IFERROR(__xludf.DUMMYFUNCTION("""COMPUTED_VALUE"""),44845.7687825926) -> 44845.769 | C39: =IFERROR(__xludf.DUMMYFUNCTION("""COMPUTED_VALUE"""),"Daytimers x Middle Of Nowhere") -> Daytimers x Middle Of Nowhere | D39: =IFERROR(__xludf.DUMMYFUNCTION("""COMPUTED_VALUE"""),44744.0) -> 44744 | E39: =IFERROR(__xludf.DUMMYFUNCTION("""COMPUTED_VALUE"""),"Large (Open Air Festival, Boiler Room Streaming)") -> Large (Open Air Festival, Boiler Room Streaming) | F39: =IFERROR(__xludf.DUMMYFUNCTION("""COMPUTED_VALUE"""),344.0) -> 344 | G39: =IFERROR(__xludf.DUMMYFUNCTION("""COMPUTED_VALUE"""),"Sherwyn ") -> Sherwyn
A40: =IFERROR(__xludf.DUMMYFUNCTION("""COMPUTED_VALUE"""),44845.76902576389) -> 44845.769 | C40: =IFERROR(__xludf.DUMMYFUNCTION("""COMPUTED_VALUE"""),"Daytimers x Middle Of Nowhere") -> Daytimers x Middle Of Nowhere | D40: =IFERROR(__xludf.DUMMYFUNCTION("""COMPUTED_VALUE"""),44744.0) -> 44744 | E40: =IFERROR(__xludf.DUMMYFUNCTION("""COMPUTED_VALUE"""),"Large (Open Air Festival, Boiler Room Streaming)") -> Large (Open Air Festival, Boiler Room Streaming) | F40: =IFERROR(__xludf.DUMMYFUNCTION("""COMPUTED_VALUE"""),273.0) -> 273 | G40: =IFERROR(__xludf.DUMMYFUNCTION("""COMPUTED_VALUE"""),"Sherwyn") -> Sherwyn
A41: =IFERROR(__xludf.DUMMYFUNCTION("""COMPUTED_VALUE"""),44845.7692846412) -> 44845.769 | C41: =IFERROR(__xludf.DUMMYFUNCTION("""COMPUTED_VALUE"""),"Daytimers x Middle Of Nowhere") -> Daytimers x Middle Of Nowhere | D41: =IFERROR(__xludf.DUMMYFUNCTION("""COMPUTED_VALUE"""),44744.0) -> 44744 | E41: =IFERROR(__xludf.DUMMYFUNCTION("""COMPUTED_VALUE"""),"Large (Open Air Festival, Boiler Room Streaming)") -> Large (Open Air Festival, Boiler Room Streaming) | F41: =IFERROR(__xludf.DUMMYFUNCTION("""COMPUTED_VALUE"""),264.0) -> 264 | G41: =IFERROR(__xludf.DUMMYFUNCTION("""COMPUTED_VALUE"""),"Sherwyn") -> Sherwyn
A42: =IFERROR(__xludf.DUMMYFUNCTION("""COMPUTED_VALUE"""),44845.76953929398) -> 44845.77 | C42: =IFERROR(__xludf.DUMMYFUNCTION("""COMPUTED_VALUE"""),"Daytimers x Middle Of Nowhere") -> Daytimers x Middle Of Nowhere | D42: =IFERROR(__xludf.DUMMYFUNCTION("""COMPUTED_VALUE"""),44744.0) -> 44744 | E42: =IFERROR(__xludf.DUMMYFUNCTION("""COMPUTED_VALUE"""),"Large (Open Air Festival, Boiler Room Streaming)") -> Large (Open Air Festival, Boiler Room Streaming) | F42: =IFERROR(__xludf.DUMMYFUNCTION("""COMPUTED_VALUE"""),275.0) -> 275 | G42: =IFERROR(__xludf.DUMMYFUNCTION("""COMPUTED_VALUE"""),"Sherwyn") -> Sherwyn
A43: =IFERROR(__xludf.DUMMYFUNCTION("""COMPUTED_VALUE"""),44845.77047283565) -> 44845.77 | C43: =IFERROR(__xludf.DUMMYFUNCTION("""COMPUTED_VALUE"""),"Daytimers x Middle Of Nowhere") -> Daytimers x Middle Of Nowhere | D43: =IFERROR(__xludf.DUMMYFUNCTION("""COMPUTED_VALUE"""),44744.0) -> 44744 | E43: =IFERROR(__xludf.DUMMYFUNCTION("""COMPUTED_VALUE"""),"Large (Open Air Festival, Boiler Room Streaming)") -> Large (Open Air Festival, Boiler Room Streaming) | F43: =IFERROR(__xludf.DUMMYFUNCTION("""COMPUTED_VALUE"""),209.0) -> 209 | G43: =IFERROR(__xludf.DUMMYFUNCTION("""COMPUTED_VALUE"""),"Sherwyn") -> Sherwyn
A44: =IFERROR(__xludf.DUMMYFUNCTION("""COMPUTED_VALUE"""),44845.77075560185) -> 44845.771 | C44: =IFERROR(__xludf.DUMMYFUNCTION("""COMPUTED_VALUE"""),"Daytimers x Middle Of Nowhere") -> Daytimers x Middle Of Nowhere | D44: =IFERROR(__xludf.DUMMYFUNCTION("""COMPUTED_VALUE"""),44744.0) -> 44744 | E44: =IFERROR(__xludf.DUMMYFUNCTION("""COMPUTED_VALUE"""),"Large (Open Air Festival, Boiler Room Streaming)") -> Large (Open Air Festival, Boiler Room Streaming) | F44: =IFERROR(__xludf.DUMMYFUNCTION("""COMPUTED_VALUE"""),210.0) -> 210 | G44: =IFERROR(__xludf.DUMMYFUNCTION("""COMPUTED_VALUE"""),"Sherwyn") -> Sherwyn
A45: =IFERROR(__xludf.DUMMYFUNCTION("""COMPUTED_VALUE"""),44845.77098252314) -> 44845.771 | C45: =IFERROR(__xludf.DUMMYFUNCTION("""COMPUTED_VALUE"""),"Daytimers x Middle Of Nowhere") -> Daytimers x Middle Of Nowhere | D45: =IFERROR(__xludf.DUMMYFUNCTION("""COMPUTED_VALUE"""),44744.0) -> 44744 | E45: =IFERROR(__xludf.DUMMYFUNCTION("""COMPUTED_VALUE"""),"Large (Open Air Festival, Boiler Room Streaming)") -> Large (Open Air Festival, Boiler Room Streaming) | F45: =IFERROR(__xludf.DUMMYFUNCTION("""COMPUTED_VALUE"""),290.0) -> 290 | G45: =IFERROR(__xludf.DUMMYFUNCTION("""COMPUTED_VALUE"""),"Sherwyn") -> Sherwyn
A46: =IFERROR(__xludf.DUMMYFUNCTION("""COMPUTED_VALUE"""),44845.771147604166) -> 44845.771 | C46: =IFERROR(__xludf.DUMMYFUNCTION("""COMPUTED_VALUE"""),"Daytimers x Middle Of Nowhere") -> Daytimers x Middle Of Nowhere | D46: =IFERROR(__xludf.DUMMYFUNCTION("""COMPUTED_VALUE"""),44744.0) -> 44744 | E46: =IFERROR(__xludf.DUMMYFUNCTION("""COMPUTED_VALUE"""),"Large (Open Air Festival, Boiler Room Streaming)") -> Large (Open Air Festival, Boiler Room Streaming) | F46: =IFERROR(__xludf.DUMMYFUNCTION("""COMPUTED_VALUE"""),294.0) -> 294 | G46: =IFERROR(__xludf.DUMMYFUNCTION("""COMPUTED_VALUE"""),"Sherwyn") -> Sherwyn
A47: =IFERROR(__xludf.DUMMYFUNCTION("""COMPUTED_VALUE"""),44845.771430428234) -> 44845.771 | C47: =IFERROR(__xludf.DUMMYFUNCTION("""COMPUTED_VALUE"""),"Daytimers x Middle Of Nowhere") -> Daytimers x Middle Of Nowhere | D47: =IFERROR(__xludf.DUMMYFUNCTION("""COMPUTED_VALUE"""),44744.0) -> 44744 | E47: =IFERROR(__xludf.DUMMYFUNCTION("""COMPUTED_VALUE"""),"Large (Open Air Festival, Boiler Room Streaming)") -> Large (Open Air Festival, Boiler Room Streaming) | F47: =IFERROR(__xludf.DUMMYFUNCTION("""COMPUTED_VALUE"""),299.0) -> 299 | G47: =IFERROR(__xludf.DUMMYFUNCTION("""COMPUTED_VALUE"""),"Sherwyn") -> Sherwyn
A48: =IFERROR(__xludf.DUMMYFUNCTION("""COMPUTED_VALUE"""),44845.77174898148) -> 44845.772 | C48: =IFERROR(__xludf.DUMMYFUNCTION("""COMPUTED_VALUE"""),"Daytimers x Middle Of Nowhere") -> Daytimers x Middle Of Nowhere | D48: =IFERROR(__xludf.DUMMYFUNCTION("""COMPUTED_VALUE"""),44744.0) -> 44744 | E48: =IFERROR(__xludf.DUMMYFUNCTION("""COMPUTED_VALUE"""),"Large (Open Air Festival, Boiler Room Streaming)") -> Large (Open Air Festival, Boiler Room Streaming) | F48: =IFERROR(__xludf.DUMMYFUNCTION("""COMPUTED_VALUE"""),303.0) -> 303 | G48: =IFERROR(__xludf.DUMMYFUNCTION("""COMPUTED_VALUE"""),"Sherwyn") -> Sherwyn
A49: =IFERROR(__xludf.DUMMYFUNCTION("""COMPUTED_VALUE"""),44845.77196222223) -> 44845.772 | C49: =IFERROR(__xludf.DUMMYFUNCTION("""COMPUTED_VALUE"""),"Daytimers x Middle Of Nowhere") -> Daytimers x Middle Of Nowhere | D49: =IFERROR(__xludf.DUMMYFUNCTION("""COMPUTED_VALUE"""),44744.0) -> 44744 | E49: =IFERROR(__xludf.DUMMYFUNCTION("""COMPUTED_VALUE"""),"Large (Open Air Festival, Boiler Room Streaming)") -> Large (Open Air Festival, Boiler Room Streaming) | F49: =IFERROR(__xludf.DUMMYFUNCTION("""COMPUTED_VALUE"""),306.0) -> 306 | G49: =IFERROR(__xludf.DUMMYFUNCTION("""COMPUTED_VALUE"""),"Sherwyn") -> Sherwyn
A50: =IFERROR(__xludf.DUMMYFUNCTION("""COMPUTED_VALUE"""),44845.77218377315) -> 44845.772 | C50: =IFERROR(__xludf.DUMMYFUNCTION("""COMPUTED_VALUE"""),"Daytimers x Middle Of Nowhere") -> Daytimers x Middle Of Nowhere | D50: =IFERROR(__xludf.DUMMYFUNCTION("""COMPUTED_VALUE"""),44744.0) -> 44744 | E50: =IFERROR(__xludf.DUMMYFUNCTION("""COMPUTED_VALUE"""),"Large (Open Air Festival, Boiler Room Streaming)") -> Large (Open Air Festival, Boiler Room Streaming) | F50: =IFERROR(__xludf.DUMMYFUNCTION("""COMPUTED_VALUE"""),314.0) -> 314 | G50: =IFERROR(__xludf.DUMMYFUNCTION("""COMPUTED_VALUE"""),"Sherwyn") -> Sherwyn
A51: =IFERROR(__xludf.DUMMYFUNCTION("""COMPUTED_VALUE"""),44845.7725065625) -> 44845.773 | C51: =IFERROR(__xludf.DUMMYFUNCTION("""COMPUTED_VALUE"""),"Daytimers x Middle Of Nowhere") -> Daytimers x Middle Of Nowhere | D51: =IFERROR(__xludf.DUMMYFUNCTION("""COMPUTED_VALUE"""),44744.0) -> 44744 | E51: =IFERROR(__xludf.DUMMYFUNCTION("""COMPUTED_VALUE"""),"Large (Open Air Festival, Boiler Room Streaming)") -> Large (Open Air Festival, Boiler Room Streaming) | F51: =IFERROR(__xludf.DUMMYFUNCTION("""COMPUTED_VALUE"""),323.0) -> 323 | G51: =IFERROR(__xludf.DUMMYFUNCTION("""COMPUTED_VALUE"""),"Sherwyn") -> Sherwyn
A52: =IFERROR(__xludf.DUMMYFUNCTION("""COMPUTED_VALUE"""),44845.77281553241) -> 44845.773 | C52: =IFERROR(__xludf.DUMMYFUNCTION("""COMPUTED_VALUE"""),"Daytimers x Middle Of Nowhere") -> Daytimers x Middle Of Nowhere | D52: =IFERROR(__xludf.DUMMYFUNCTION("""COMPUTED_VALUE"""),44744.0) -> 44744 | E52: =IFERROR(__xludf.DUMMYFUNCTION("""COMPUTED_VALUE"""),"Large (Open Air Festival, Boiler Room Streaming)") -> Large (Open Air Festival, Boiler Room Streaming) | F52: =IFERROR(__xludf.DUMMYFUNCTION("""COMPUTED_VALUE"""),324.0) -> 324 | G52: =IFERROR(__xludf.DUMMYFUNCTION("""COMPUTED_VALUE"""),"Sherwyn") -> Sherwyn
A53: =IFERROR(__xludf.DUMMYFUNCTION("""COMPUTED_VALUE"""),44845.77301512731) -> 44845.773 | C53: =IFERROR(__xludf.DUMMYFUNCTION("""COMPUTED_VALUE"""),"Daytimers x Middle Of Nowhere") -> Daytimers x Middle Of Nowhere | D53: =IFERROR(__xludf.DUMMYFUNCTION("""COMPUTED_VALUE"""),44744.0) -> 44744 | E53: =IFERROR(__xludf.DUMMYFUNCTION("""COMPUTED_VALUE"""),"Large (Open Air Festival, Boiler Room Streaming)") -> Large (Open Air Festival, Boiler Room Streaming) | F53: =IFERROR(__xludf.DUMMYFUNCTION("""COMPUTED_VALUE"""),325.0) -> 325 | G53: =IFERROR(__xludf.DUMMYFUNCTION("""COMPUTED_VALUE"""),"Sherwyn") -> Sherwyn
A54: =IFERROR(__xludf.DUMMYFUNCTION("""COMPUTED_VALUE"""),44845.773286400465) -> 44845.773 | C54: =IFERROR(__xludf.DUMMYFUNCTION("""COMPUTED_VALUE"""),"Daytimers x Middle Of Nowhere") -> Daytimers x Middle Of Nowhere | D54: =IFERROR(__xludf.DUMMYFUNCTION("""COMPUTED_VALUE"""),44744.0) -> 44744 | E54: =IFERROR(__xludf.DUMMYFUNCTION("""COMPUTED_VALUE"""),"Large (Open Air Festival, Boiler Room Streaming)") -> Large (Open Air Festival, Boiler Room Streaming) | F54: =IFERROR(__xludf.DUMMYFUNCTION("""COMPUTED_VALUE"""),326.0) -> 326 | G54: =IFERROR(__xludf.DUMMYFUNCTION("""COMPUTED_VALUE"""),"Sherwyn") -> Sherwyn
A55: =IFERROR(__xludf.DUMMYFUNCTION("""COMPUTED_VALUE"""),44845.77357) -> 44845.774 | C55: =IFERROR(__xludf.DUMMYFUNCTION("""COMPUTED_VALUE"""),"Daytimers x Middle Of Nowhere") -> Daytimers x Middle Of Nowhere | D55: =IFERROR(__xludf.DUMMYFUNCTION("""COMPUTED_VALUE"""),44744.0) -> 44744 | E55: =IFERROR(__xludf.DUMMYFUNCTION("""COMPUTED_VALUE"""),"Large (Open Air Festival, Boiler Room Streaming)") -> Large (Open Air Festival, Boiler Room Streaming) | F55: =IFERROR(__xludf.DUMMYFUNCTION("""COMPUTED_VALUE"""),331.0) -> 331 | G55: =IFERROR(__xludf.DUMMYFUNCTION("""COMPUTED_VALUE"""),"Sherwyn") -> Sherwyn
A56: =IFERROR(__xludf.DUMMYFUNCTION("""COMPUTED_VALUE"""),44845.774032152774) -> 44845.774 | C56: =IFERROR(__xludf.DUMMYFUNCTION("""COMPUTED_VALUE"""),"Daytimers x Middle Of Nowhere") -> Daytimers x Middle Of Nowhere | D56: =IFERROR(__xludf.DUMMYFUNCTION("""COMPUTED_VALUE"""),44744.0) -> 44744 | E56: =IFERROR(__xludf.DUMMYFUNCTION("""COMPUTED_VALUE"""),"Large (Open Air Festival, Boiler Room Streaming)") -> Large (Open Air Festival, Boiler Room Streaming) | F56: =IFERROR(__xludf.DUMMYFUNCTION("""COMPUTED_VALUE"""),334.0) -> 334 | G56: =IFERROR(__xludf.DUMMYFUNCTION("""COMPUTED_VALUE"""),"Sherwyn") -> Sherwyn
A57: =IFERROR(__xludf.DUMMYFUNCTION("""COMPUTED_VALUE"""),44845.82568842593) -> 44845.826 | C57: =IFERROR(__xludf.DUMMYFUNCTION("""COMPUTED_VALUE"""),"Daytimers x Middle Of Nowhere") -> Daytimers x Middle Of Nowhere | D57: =IFERROR(__xludf.DUMMYFUNCTION("""COMPUTED_VALUE"""),44744.0) -> 44744 | E57: =IFERROR(__xludf.DUMMYFUNCTION("""COMPUTED_VALUE"""),"Large (Open Air Festival, Boiler Room Streaming)") -> Large (Open Air Festival, Boiler Room Streaming) | F57: =IFERROR(__xludf.DUMMYFUNCTION("""COMPUTED_VALUE"""),338.0) -> 338 | G57: =IFERROR(__xludf.DUMMYFUNCTION("""COMPUTED_VALUE"""),"Sherwyn") -> Sherwyn
A58: =IFERROR(__xludf.DUMMYFUNCTION("""COMPUTED_VALUE"""),44845.82609635417) -> 44845.826 | C58: =IFERROR(__xludf.DUMMYFUNCTION("""COMPUTED_VALUE"""),"Daytimers x Middle Of Nowhere (Mehfil)") -> Daytimers x Middle Of Nowhere (Mehfil) | D58: =IFERROR(__xludf.DUMMYFUNCTION("""COMPUTED_VALUE"""),44744.0) -> 44744 | E58: =IFERROR(__xludf.DUMMYFUNCTION("""COMPUTED_VALUE"""),"Large (Open Air Festival, Boiler Room Streaming)") -> Large (Open Air Festival, Boiler Room Streaming) | F58: =IFERROR(__xludf.DUMMYFUNCTION("""COMPUTED_VALUE"""),292.0) -> 292 | G58: =IFERROR(__xludf.DUMMYFUNCTION("""COMPUTED_VALUE"""),"Sherwyn") -> Sherwyn
A59: =IFERROR(__xludf.DUMMYFUNCTION("""COMPUTED_VALUE"""),44845.826476724535) -> 44845.826 | C59: =IFERROR(__xludf.DUMMYFUNCTION("""COMPUTED_VALUE"""),"Daytimers x Middle Of Nowhere (Mehfil)") -> Daytimers x Middle Of Nowhere (Mehfil) | D59: =IFERROR(__xludf.DUMMYFUNCTION("""COMPUTED_VALUE"""),44744.0) -> 44744 | E59: =IFERROR(__xludf.DUMMYFUNCTION("""COMPUTED_VALUE"""),"Large (Open Air Festival, Boiler Room Streaming)") -> Large (Open Air Festival, Boiler Room Streaming) | F59: =IFERROR(__xludf.DUMMYFUNCTION("""COMPUTED_VALUE"""),315.0) -> 315 | G59: =IFERROR(__xludf.DUMMYFUNCTION("""COMPUTED_VALUE"""),"Sherwyn") -> Sherwyn
A60: =IFERROR(__xludf.DUMMYFUNCTION("""COMPUTED_VALUE"""),44845.82673523148) -> 44845.827 | C60: =IFERROR(__xludf.DUMMYFUNCTION("""COMPUTED_VALUE"""),"Daytimers x Middle Of Nowhere (Mehfil)") -> Daytimers x Middle Of Nowhere (Mehfil) | D60: =IFERROR(__xludf.DUMMYFUNCTION("""COMPUTED_VALUE"""),44744.0) -> 44744 | E60: =IFERROR(__xludf.DUMMYFUNCTION("""COMPUTED_VALUE"""),"Large (Open Air Festival, Boiler Room Streaming)") -> Large (Open Air Festival, Boiler Room Streaming) | F60: =IFERROR(__xludf.DUMMYFUNCTION("""COMPUTED_VALUE"""),216.0) -> 216 | G60: =IFERROR(__xludf.DUMMYFUNCTION("""COMPUTED_VALUE"""),"Sherwyn") -> Sherwyn
A61: =IFERROR(__xludf.DUMMYFUNCTION("""COMPUTED_VALUE"""),44845.827080613424) -> 44845.827 | C61: =IFERROR(__xludf.DUMMYFUNCTION("""COMPUTED_VALUE"""),"Daytimers x Middle Of Nowhere (Mehfil)") -> Daytimers x Middle Of Nowhere (Mehfil) | D61: =IFERROR(__xludf.DUMMYFUNCTION("""COMPUTED_VALUE"""),44744.0) -> 44744 | E61: =IFERROR(__xludf.DUMMYFUNCTION("""COMPUTED_VALUE"""),"Large (Open Air Festival, Boiler Room Streaming)") -> Large (Open Air Festival, Boiler Room Streaming) | F61: =IFERROR(__xludf.DUMMYFUNCTION("""COMPUTED_VALUE"""),322.0) -> 322 | G61: =IFERROR(__xludf.DUMMYFUNCTION("""COMPUTED_VALUE"""),"Sherwyn") -> Sherwyn
A62: =IFERROR(__xludf.DUMMYFUNCTION("""COMPUTED_VALUE"""),44845.82760892361) -> 44845.828 | C62: =IFERROR(__xludf.DUMMYFUNCTION("""COMPUTED_VALUE"""),"Daytimers x SUP? Supper Club") -> Daytimers x SUP? Supper Club | D62: =IFERROR(__xludf.DUMMYFUNCTION("""COMPUTED_VALUE"""),44675.0) -> 44675 | E62: =IFERROR(__xludf.DUMMYFUNCTION("""COMPUTED_VALUE"""),"Small (Bar, Exhibitions, Charity Events, Restaurants)") -> Small (Bar, Exhibitions, Charity Events, Restaurants) | F62: =IFERROR(__xludf.DUMMYFUNCTION("""COMPUTED_VALUE"""),266.0) -> 266 | G62: =IFERROR(__xludf.DUMMYFUNCTION("""COMPUTED_VALUE"""),"Sherwyn") -> Sherwyn
A63: =IFERROR(__xludf.DUMMYFUNCTION("""COMPUTED_VALUE"""),44845.82806108796) -> 44845.828 | C63: =IFERROR(__xludf.DUMMYFUNCTION("""COMPUTED_VALUE"""),"Daytimers x SUP? Supper Club") -> Daytimers x SUP? Supper Club | D63: =IFERROR(__xludf.DUMMYFUNCTION("""COMPUTED_VALUE"""),44675.0) -> 44675 | E63: =IFERROR(__xludf.DUMMYFUNCTION("""COMPUTED_VALUE"""),"Small (Bar, Exhibitions, Charity Events, Restaurants)") -> Small (Bar, Exhibitions, Charity Events, Restaurants) | F63: =IFERROR(__xludf.DUMMYFUNCTION("""COMPUTED_VALUE"""),283.0) -> 283 | G63: =IFERROR(__xludf.DUMMYFUNCTION("""COMPUTED_VALUE"""),"Sherwyn") -> Sherwyn
A64: =IFERROR(__xludf.DUMMYFUNCTION("""COMPUTED_VALUE"""),44845.82839549768) -> 44845.828 | C64: =IFERROR(__xludf.DUMMYFUNCTION("""COMPUTED_VALUE"""),"Daytimers x SUP? Supper Club") -> Daytimers x SUP? Supper Club | D64: =IFERROR(__xludf.DUMMYFUNCTION("""COMPUTED_VALUE"""),44675.0) -> 44675 | E64: =IFERROR(__xludf.DUMMYFUNCTION("""COMPUTED_VALUE"""),"Small (Bar, Exhibitions, Charity Events, Restaurants)") -> Small (Bar, Exhibitions, Charity Events, Restaurants) | F64: =IFERROR(__xludf.DUMMYFUNCTION("""COMPUTED_VALUE"""),332.0) -> 332 | G64: =IFERROR(__xludf.DUMMYFUNCTION("""COMPUTED_VALUE"""),"Sherwyn") -> Sherwyn
A65: =IFERROR(__xludf.DUMMYFUNCTION("""COMPUTED_VALUE"""),44845.828705625005) -> 44845.829 | C65: =IFERROR(__xludf.DUMMYFUNCTION("""COMPUTED_VALUE"""),"Daytimers: Going South") -> Daytimers: Going South | D65: =IFERROR(__xludf.DUMMYFUNCTION("""COMPUTED_VALUE"""),44780.0) -> 44780 | E65: =IFERROR(__xludf.DUMMYFUNCTION("""COMPUTED_VALUE"""),"Medium (Medium Sized Club, Corsica, Fabric etc)") -> Medium (Medium Sized Club, Corsica, Fabric etc) | F65: =IFERROR(__xludf.DUMMYFUNCTION("""COMPUTED_VALUE"""),268.0) -> 268 | G65: =IFERROR(__xludf.DUMMYFUNCTION("""COMPUTED_VALUE"""),"Sherwyn") -> Sherwyn
A66: =IFERROR(__xludf.DUMMYFUNCTION("""COMPUTED_VALUE"""),44845.82892957176) -> 44845.829 | C66: =IFERROR(__xludf.DUMMYFUNCTION("""COMPUTED_VALUE"""),"Daytimers: Going South") -> Daytimers: Going South | D66: =IFERROR(__xludf.DUMMYFUNCTION("""COMPUTED_VALUE"""),44800.0) -> 44800 | E66: =IFERROR(__xludf.DUMMYFUNCTION("""COMPUTED_VALUE"""),"Medium (Medium Sized Club, Corsica, Fabric etc)") -> Medium (Medium Sized Club, Corsica, Fabric etc) | F66: =IFERROR(__xludf.DUMMYFUNCTION("""COMPUTED_VALUE"""),257.0) -> 257 | G66: =IFERROR(__xludf.DUMMYFUNCTION("""COMPUTED_VALUE"""),"Sherwyn") -> Sherwyn
A67: =IFERROR(__xludf.DUMMYFUNCTION("""COMPUTED_VALUE"""),44845.83002196759) -> 44845.83 | C67: =IFERROR(__xludf.DUMMYFUNCTION("""COMPUTED_VALUE"""),"Daytimers: Going South") -> Daytimers: Going South | D67: =IFERROR(__xludf.DUMMYFUNCTION("""COMPUTED_VALUE"""),44800.0) -> 44800 | E67: =IFERROR(__xludf.DUMMYFUNCTION("""COMPUTED_VALUE"""),"Medium (Medium Sized Club, Corsica, Fabric etc)") -> Medium (Medium Sized Club, Corsica, Fabric etc) | F67: =IFERROR(__xludf.DUMMYFUNCTION("""COMPUTED_VALUE"""),218.0) -> 218 | G67: =IFERROR(__xludf.DUMMYFUNCTION("""COMPUTED_VALUE"""),"Sherwyn") -> Sherwyn
A68: =IFERROR(__xludf.DUMMYFUNCTION("""COMPUTED_VALUE"""),44845.83035341435) -> 44845.83 | C68: =IFERROR(__xludf.DUMMYFUNCTION("""COMPUTED_VALUE"""),"Daytimers: Going South") -> Daytimers: Going South | D68: =IFERROR(__xludf.DUMMYFUNCTION("""COMPUTED_VALUE"""),44800.0) -> 44800 | E68: =IFERROR(__xludf.DUMMYFUNCTION("""COMPUTED_VALUE"""),"Medium (Medium Sized Club, Corsica, Fabric etc)") -> Medium (Medium Sized Club, Corsica, Fabric etc) | F68: =IFERROR(__xludf.DUMMYFUNCTION("""COMPUTED_VALUE"""),223.0) -> 223 | G68: =IFERROR(__xludf.DUMMYFUNCTION("""COMPUTED_VALUE"""),"Sherwyn") -> Sherwyn
A69: =IFERROR(__xludf.DUMMYFUNCTION("""COMPUTED_VALUE"""),44845.83059182871) -> 44845.831 | C69: =IFERROR(__xludf.DUMMYFUNCTION("""COMPUTED_VALUE"""),"Daytimers: Going South") -> Daytimers: Going South | D69: =IFERROR(__xludf.DUMMYFUNCTION("""COMPUTED_VALUE"""),44800.0) -> 44800 | E69: =IFERROR(__xludf.DUMMYFUNCTION("""COMPUTED_VALUE"""),"Medium (Medium Sized Club, Corsica, Fabric etc)") -> Medium (Medium Sized Club, Corsica, Fabric etc) | F69: =IFERROR(__xludf.DUMMYFUNCTION("""COMPUTED_VALUE"""),310.0) -> 310 | G69: =IFERROR(__xludf.DUMMYFUNCTION("""COMPUTED_VALUE"""),"Sherwyn") -> Sherwyn
A70: =IFERROR(__xludf.DUMMYFUNCTION("""COMPUTED_VALUE"""),44845.83086060185) -> 44845.831 | C70: =IFERROR(__xludf.DUMMYFUNCTION("""COMPUTED_VALUE"""),"Daytimers: Going South") -> Daytimers: Going South | D70: =IFERROR(__xludf.DUMMYFUNCTION("""COMPUTED_VALUE"""),44800.0) -> 44800 | E70: =IFERROR(__xludf.DUMMYFUNCTION("""COMPUTED_VALUE"""),"Medium (Medium Sized Club, Corsica, Fabric etc)") -> Medium (Medium Sized Club, Corsica, Fabric etc) | F70: =IFERROR(__xludf.DUMMYFUNCTION("""COMPUTED_VALUE"""),329.0) -> 329 | G70: =IFERROR(__xludf.DUMMYFUNCTION("""COMPUTED_VALUE"""),"Sherwyn") -> Sherwyn
A71: =IFERROR(__xludf.DUMMYFUNCTION("""COMPUTED_VALUE"""),44845.83110548612) -> 44845.831 | C71: =IFERROR(__xludf.DUMMYFUNCTION("""COMPUTED_VALUE"""),"Daytimers: Going South") -> Daytimers: Going South | D71: =IFERROR(__xludf.DUMMYFUNCTION("""COMPUTED_VALUE"""),44800.0) -> 44800 | E71: =IFERROR(__xludf.DUMMYFUNCTION("""COMPUTED_VALUE"""),"Medium (Medium Sized Club, Corsica, Fabric etc)") -> Medium (Medium Sized Club, Corsica, Fabric etc) | F71: =IFERROR(__xludf.DUMMYFUNCTION("""COMPUTED_VALUE"""),211.0) -> 211 | G71: =IFERROR(__xludf.DUMMYFUNCTION("""COMPUTED_VALUE"""),"Sherwyn") -> Sherwyn
A72: =IFERROR(__xludf.DUMMYFUNCTION("""COMPUTED_VALUE"""),44845.83609106481) -> 44845.836 | C72: =IFERROR(__xludf.DUMMYFUNCTION("""COMPUTED_VALUE"""),"Keep Hush: Eastern Margins x Daytimers") -> Keep Hush: Eastern Margins x Daytimers | D72: =IFERROR(__xludf.DUMMYFUNCTION("""COMPUTED_VALUE"""),44505.0) -> 44505 | E72: =IFERROR(__xludf.DUMMYFUNCTION("""COMPUTED_VALUE"""),"Medium (Medium Sized Club, Corsica, Fabric etc)") -> Medium (Medium Sized Club, Corsica, Fabric etc) | F72: =IFERROR(__xludf.DUMMYFUNCTION("""COMPUTED_VALUE"""),280.0) -> 280 | G72: =IFERROR(__xludf.DUMMYFUNCTION("""COMPUTED_VALUE"""),"Sherwyn") -> Sherwyn
A73: =IFERROR(__xludf.DUMMYFUNCTION("""COMPUTED_VALUE"""),44845.836353101855) -> 44845.836 | C73: =IFERROR(__xludf.DUMMYFUNCTION("""COMPUTED_VALUE"""),"Keep Hush: Eastern Margins x Daytimers") -> Keep Hush: Eastern Margins x Daytimers | D73: =IFERROR(__xludf.DUMMYFUNCTION("""COMPUTED_VALUE"""),44505.0) -> 44505 | E73: =IFERROR(__xludf.DUMMYFUNCTION("""COMPUTED_VALUE"""),"Medium (Medium Sized Club, Corsica, Fabric etc)") -> Medium (Medium Sized Club, Corsica, Fabric etc) | F73: =IFERROR(__xludf.DUMMYFUNCTION("""COMPUTED_VALUE"""),293.0) -> 293 | G73: =IFERROR(__xludf.DUMMYFUNCTION("""COMPUTED_VALUE"""),"Sherwyn") -> Sherwyn
A74: =IFERROR(__xludf.DUMMYFUNCTION("""COMPUTED_VALUE"""),44845.836625219905) -> 44845.837 | C74: =IFERROR(__xludf.DUMMYFUNCTION("""COMPUTED_VALUE"""),"Keep Hush: Eastern Margins x Daytimers") -> Keep Hush: Eastern Margins x Daytimers | D74: =IFERROR(__xludf.DUMMYFUNCTION("""COMPUTED_VALUE"""),44505.0) -> 44505 | E74: =IFERROR(__xludf.DUMMYFUNCTION("""COMPUTED_VALUE"""),"Medium (Medium Sized Club, Corsica, Fabric etc)") -> Medium (Medium Sized Club, Corsica, Fabric etc) | F74: =IFERROR(__xludf.DUMMYFUNCTION("""COMPUTED_VALUE"""),222.0) -> 222 | G74: =IFERROR(__xludf.DUMMYFUNCTION("""COMPUTED_VALUE"""),"Sherwyn") -> Sherwyn
A75: =IFERROR(__xludf.DUMMYFUNCTION("""COMPUTED_VALUE"""),44845.836854560184) -> 44845.837 | C75: =IFERROR(__xludf.DUMMYFUNCTION("""COMPUTED_VALUE"""),"Keep Hush: Eastern Margins x Daytimers") -> Keep Hush: Eastern Margins x Daytimers | D75: =IFERROR(__xludf.DUMMYFUNCTION("""COMPUTED_VALUE"""),44505.0) -> 44505 | E75: =IFERROR(__xludf.DUMMYFUNCTION("""COMPUTED_VALUE"""),"Medium (Medium Sized Club, Corsica, Fabric etc)") -> Medium (Medium Sized Club, Corsica, Fabric etc) | F75: =IFERROR(__xludf.DUMMYFUNCTION("""COMPUTED_VALUE"""),312.0) -> 312 | G75: =IFERROR(__xludf.DUMMYFUNCTION("""COMPUTED_VALUE"""),"Sherwyn") -> Sherwyn
A76: =IFERROR(__xludf.DUMMYFUNCTION("""COMPUTED_VALUE"""),44845.83711359954) -> 44845.837 | C76: =IFERROR(__xludf.DUMMYFUNCTION("""COMPUTED_VALUE"""),"Keep Hush: Eastern Margins x Daytimers") -> Keep Hush: Eastern Margins x Daytimers | D76: =IFERROR(__xludf.DUMMYFUNCTION("""COMPUTED_VALUE"""),44505.0) -> 44505 | E76: =IFERROR(__xludf.DUMMYFUNCTION("""COMPUTED_VALUE"""),"Medium (Medium Sized Club, Corsica, Fabric etc)") -> Medium (Medium Sized Club, Corsica, Fabric etc) | F76: =IFERROR(__xludf.DUMMYFUNCTION("""COMPUTED_VALUE"""),203.0) -> 203 | G76: =IFERROR(__xludf.DUMMYFUNCTION("""COMPUTED_VALUE"""),"Sherwyn") -> Sherwyn
A77: =IFERROR(__xludf.DUMMYFUNCTION("""COMPUTED_VALUE"""),44845.83735856481) -> 44845.837 | C77: =IFERROR(__xludf.DUMMYFUNCTION("""COMPUTED_VALUE"""),"Keep Hush: Eastern Margins x Daytimers") -> Keep Hush: Eastern Margins x Daytimers | D77: =IFERROR(__xludf.DUMMYFUNCTION("""COMPUTED_VALUE"""),44505.0) -> 44505 | E77: =IFERROR(__xludf.DUMMYFUNCTION("""COMPUTED_VALUE"""),"Medium (Medium Sized Club, Corsica, Fabric etc)") -> Medium (Medium Sized Club, Corsica, Fabric etc) | F77: =IFERROR(__xludf.DUMMYFUNCTION("""COMPUTED_VALUE"""),336.0) -> 336 | G77: =IFERROR(__xludf.DUMMYFUNCTION("""COMPUTED_VALUE"""),"Sherwyn") -> Sherwyn
A78: =IFERROR(__xludf.DUMMYFUNCTION("""COMPUTED_VALUE"""),44845.83803675926) -> 44845.838 | C78: =IFERROR(__xludf.DUMMYFUNCTION("""COMPUTED_VALUE"""),"FABRICLIVE: Daytimers Presents") -> FABRICLIVE: Daytimers Presents | D78: =IFERROR(__xludf.DUMMYFUNCTION("""COMPUTED_VALUE"""),44477.0) -> 44477 | E78: =IFERROR(__xludf.DUMMYFUNCTION("""COMPUTED_VALUE"""),"Medium (Medium Sized Club, Corsica, Fabric etc)") -> Medium (Medium Sized Club, Corsica, Fabric etc) | F78: =IFERROR(__xludf.DUMMYFUNCTION("""COMPUTED_VALUE"""),278.0) -> 278 | G78: =IFERROR(__xludf.DUMMYFUNCTION("""COMPUTED_VALUE"""),"Sherwyn") -> Sherwyn
A79: =IFERROR(__xludf.DUMMYFUNCTION("""COMPUTED_VALUE"""),44845.83842248842) -> 44845.838 | C79: =IFERROR(__xludf.DUMMYFUNCTION("""COMPUTED_VALUE"""),"FABRICLIVE: Daytimers Presents") -> FABRICLIVE: Daytimers Presents | D79: =IFERROR(__xludf.DUMMYFUNCTION("""COMPUTED_VALUE"""),44477.0) -> 44477 | E79: =IFERROR(__xludf.DUMMYFUNCTION("""COMPUTED_VALUE"""),"Medium (Medium Sized Club, Corsica, Fabric etc)") -> Medium (Medium Sized Club, Corsica, Fabric etc) | F79: =IFERROR(__xludf.DUMMYFUNCTION("""COMPUTED_VALUE"""),209.0) -> 209 | G79: =IFERROR(__xludf.DUMMYFUNCTION("""COMPUTED_VALUE"""),"Sherwyn") -> Sherwyn
